agency_cd,site_no,datetime,293221_00060_00003,293221_00060_00003_cd
USGS,1589000,1/1/2015,157,A
USGS,1589000,1/2/2015,156,A
USGS,1589000,1/3/2015,155,A
USGS,1589000,1/4/2015,430,A
USGS,1589000,1/5/2015,396,A
USGS,1589000,1/6/2015,298,A
USGS,1589000,1/7/2015,261,A
USGS,1589000,1/8/2015,208,A:e
USGS,1589000,1/9/2015,170,A:e
USGS,1589000,1/10/2015,143,A:e
USGS,1589000,1/11/2015,132,A
USGS,1589000,1/12/2015,182,A
USGS,1589000,1/13/2015,310,A:e
USGS,1589000,1/14/2015,201,A:e
USGS,1589000,1/15/2015,166,A:e
USGS,1589000,1/16/2015,154,A
USGS,1589000,1/17/2015,138,A
USGS,1589000,1/18/2015,122,A
USGS,1589000,1/19/2015,120,A
USGS,1589000,1/20/2015,115,A
USGS,1589000,1/21/2015,110,A
USGS,1589000,1/22/2015,112,A
USGS,1589000,1/23/2015,115,A
USGS,1589000,1/24/2015,549,A
USGS,1589000,1/25/2015,439,A
USGS,1589000,1/26/2015,340,A
USGS,1589000,1/27/2015,309,A
USGS,1589000,1/28/2015,243,A
USGS,1589000,1/29/2015,186,A
USGS,1589000,1/30/2015,197,A
USGS,1589000,1/31/2015,168,A
USGS,1589000,2/1/2015,135,A:e
USGS,1589000,2/2/2015,227,A
USGS,1589000,2/3/2015,225,A
USGS,1589000,2/4/2015,172,A
USGS,1589000,2/5/2015,187,A
USGS,1589000,2/6/2015,131,A
USGS,1589000,2/7/2015,129,A:e
USGS,1589000,2/8/2015,122,A
USGS,1589000,2/9/2015,121,A
USGS,1589000,2/10/2015,134,A
USGS,1589000,2/11/2015,130,A
USGS,1589000,2/12/2015,121,A
USGS,1589000,2/13/2015,125,A
USGS,1589000,2/14/2015,102,A
USGS,1589000,2/15/2015,106,A:e
USGS,1589000,2/16/2015,108,A:e
USGS,1589000,2/17/2015,110,A:e
USGS,1589000,2/18/2015,111,A:e
USGS,1589000,2/19/2015,106,A:e
USGS,1589000,2/20/2015,99.8,A:e
USGS,1589000,2/21/2015,95.3,A:e
USGS,1589000,2/22/2015,165,A
USGS,1589000,2/23/2015,190,A
USGS,1589000,2/24/2015,125,A
USGS,1589000,2/25/2015,115,A
USGS,1589000,2/26/2015,111,A
USGS,1589000,2/27/2015,107,A
USGS,1589000,2/28/2015,105,A
USGS,1589000,3/1/2015,110,A
USGS,1589000,3/2/2015,155,A
USGS,1589000,3/3/2015,157,A
USGS,1589000,3/4/2015,172,A
USGS,1589000,3/5/2015,1330,A:e
USGS,1589000,3/6/2015,739,A:e
USGS,1589000,3/7/2015,354,A:e
USGS,1589000,3/8/2015,350,A
USGS,1589000,3/9/2015,625,A
USGS,1589000,3/10/2015,1080,A
USGS,1589000,3/11/2015,2920,A
USGS,1589000,3/12/2015,1890,A
USGS,1589000,3/13/2015,1040,A
USGS,1589000,3/14/2015,1560,A
USGS,1589000,3/15/2015,1290,A
USGS,1589000,3/16/2015,767,A
USGS,1589000,3/17/2015,566,A
USGS,1589000,3/18/2015,460,A
USGS,1589000,3/19/2015,371,A
USGS,1589000,3/20/2015,377,A
USGS,1589000,3/21/2015,399,A
USGS,1589000,3/22/2015,397,A
USGS,1589000,3/23/2015,321,A
USGS,1589000,3/24/2015,288,A
USGS,1589000,3/25/2015,265,A
USGS,1589000,3/26/2015,279,A
USGS,1589000,3/27/2015,555,A
USGS,1589000,3/28/2015,399,A
USGS,1589000,3/29/2015,311,A
USGS,1589000,3/30/2015,279,A
USGS,1589000,3/31/2015,258,A
USGS,1589000,4/1/2015,249,A
USGS,1589000,4/2/2015,224,A
USGS,1589000,4/3/2015,216,A:e
USGS,1589000,4/4/2015,243,A
USGS,1589000,4/5/2015,197,A
USGS,1589000,4/6/2015,181,A
USGS,1589000,4/7/2015,176,A
USGS,1589000,4/8/2015,242,A
USGS,1589000,4/9/2015,225,A
USGS,1589000,4/10/2015,233,A
USGS,1589000,4/11/2015,216,A
USGS,1589000,4/12/2015,178,A
USGS,1589000,4/13/2015,162,A
USGS,1589000,4/14/2015,161,A
USGS,1589000,4/15/2015,169,A
USGS,1589000,4/16/2015,154,A
USGS,1589000,4/17/2015,164,A
USGS,1589000,4/18/2015,155,A
USGS,1589000,4/19/2015,145,A
USGS,1589000,4/20/2015,530,A
USGS,1589000,4/21/2015,368,A
USGS,1589000,4/22/2015,285,A
USGS,1589000,4/23/2015,251,A
USGS,1589000,4/24/2015,221,A
USGS,1589000,4/25/2015,182,A
USGS,1589000,4/26/2015,181,A
USGS,1589000,4/27/2015,172,A
USGS,1589000,4/28/2015,164,A
USGS,1589000,4/29/2015,146,A
USGS,1589000,4/30/2015,138,A
USGS,1589000,5/1/2015,144,A
USGS,1589000,5/2/2015,136,A
USGS,1589000,5/3/2015,129,A
USGS,1589000,5/4/2015,119,A
USGS,1589000,5/5/2015,112,A
USGS,1589000,5/6/2015,111,A
USGS,1589000,5/7/2015,108,A
USGS,1589000,5/8/2015,105,A
USGS,1589000,5/9/2015,103,A
USGS,1589000,5/10/2015,102,A
USGS,1589000,5/11/2015,99.5,A
USGS,1589000,5/12/2015,96.2,A
USGS,1589000,5/13/2015,89.7,A
USGS,1589000,5/14/2015,86.1,A
USGS,1589000,5/15/2015,85.9,A
USGS,1589000,5/16/2015,103,A
USGS,1589000,5/17/2015,101,A
USGS,1589000,5/18/2015,98.9,A
USGS,1589000,5/19/2015,469,A:e
USGS,1589000,5/20/2015,145,A
USGS,1589000,5/21/2015,119,A
USGS,1589000,5/22/2015,113,A
USGS,1589000,5/23/2015,102,A
USGS,1589000,5/24/2015,96.4,A
USGS,1589000,5/25/2015,92.8,A
USGS,1589000,5/26/2015,89.3,A
USGS,1589000,5/27/2015,89.4,A
USGS,1589000,5/28/2015,88.8,A
USGS,1589000,5/29/2015,78.2,A
USGS,1589000,5/30/2015,75.3,A
USGS,1589000,5/31/2015,73.2,A
USGS,1589000,6/1/2015,475,A:e
USGS,1589000,6/2/2015,1330,A
USGS,1589000,6/3/2015,478,A
USGS,1589000,6/4/2015,323,A
USGS,1589000,6/5/2015,257,A
USGS,1589000,6/6/2015,212,A
USGS,1589000,6/7/2015,161,A
USGS,1589000,6/8/2015,246,A
USGS,1589000,6/9/2015,450,A
USGS,1589000,6/10/2015,207,A
USGS,1589000,6/11/2015,149,A
USGS,1589000,6/12/2015,117,A
USGS,1589000,6/13/2015,102,A
USGS,1589000,6/14/2015,110,A
USGS,1589000,6/15/2015,124,A
USGS,1589000,6/16/2015,154,A
USGS,1589000,6/17/2015,107,A
USGS,1589000,6/18/2015,187,A
USGS,1589000,6/19/2015,142,A
USGS,1589000,6/20/2015,146,A
USGS,1589000,6/21/2015,337,A
USGS,1589000,6/22/2015,212,A
USGS,1589000,6/23/2015,236,A
USGS,1589000,6/24/2015,431,A
USGS,1589000,6/25/2015,237,A
USGS,1589000,6/26/2015,288,A
USGS,1589000,6/27/2015,1880,A
USGS,1589000,6/28/2015,1510,A
USGS,1589000,6/29/2015,642,A
USGS,1589000,6/30/2015,397,A
USGS,1589000,7/1/2015,345,A
USGS,1589000,7/2/2015,286,A
USGS,1589000,7/3/2015,243,A
USGS,1589000,7/4/2015,218,A
USGS,1589000,7/5/2015,202,A
USGS,1589000,7/6/2015,258,A
USGS,1589000,7/7/2015,421,A
USGS,1589000,7/8/2015,279,A
USGS,1589000,7/9/2015,224,A
USGS,1589000,7/10/2015,207,A
USGS,1589000,7/11/2015,169,A
USGS,1589000,7/12/2015,137,A
USGS,1589000,7/13/2015,121,A
USGS,1589000,7/14/2015,115,A
USGS,1589000,7/15/2015,117,A
USGS,1589000,7/16/2015,114,A
USGS,1589000,7/17/2015,100,A
USGS,1589000,7/18/2015,106,A
USGS,1589000,7/19/2015,107,A
USGS,1589000,7/20/2015,101,A
USGS,1589000,7/21/2015,95.1,A
USGS,1589000,7/22/2015,89.2,A
USGS,1589000,7/23/2015,74.2,A
USGS,1589000,7/24/2015,68.8,A
USGS,1589000,7/25/2015,66.7,A
USGS,1589000,7/26/2015,65.6,A
USGS,1589000,7/27/2015,85.9,A
USGS,1589000,7/28/2015,73.1,A
USGS,1589000,7/29/2015,77.6,A
USGS,1589000,7/30/2015,90.9,A
USGS,1589000,7/31/2015,90.5,A
USGS,1589000,8/1/2015,67,A
USGS,1589000,8/2/2015,62.9,A
USGS,1589000,8/3/2015,62.2,A
USGS,1589000,8/4/2015,70.4,A
USGS,1589000,8/5/2015,61.2,A
USGS,1589000,8/6/2015,57.6,A
USGS,1589000,8/7/2015,58.7,A
USGS,1589000,8/8/2015,57.5,A
USGS,1589000,8/9/2015,56.1,A
USGS,1589000,8/10/2015,56.5,A
USGS,1589000,8/11/2015,68.9,A
USGS,1589000,8/12/2015,67.7,A
USGS,1589000,8/13/2015,55.1,A
USGS,1589000,8/14/2015,53,A
USGS,1589000,8/15/2015,51.2,A
USGS,1589000,8/16/2015,49.2,A
USGS,1589000,8/17/2015,48.5,A
USGS,1589000,8/18/2015,46.2,A
USGS,1589000,8/19/2015,49.3,A
USGS,1589000,8/20/2015,93.4,A
USGS,1589000,8/21/2015,74.9,A
USGS,1589000,8/22/2015,51.3,A
USGS,1589000,8/23/2015,46.8,A
USGS,1589000,8/24/2015,69.4,A
USGS,1589000,8/25/2015,72.1,A
USGS,1589000,8/26/2015,47.4,A
USGS,1589000,8/27/2015,44.1,A
USGS,1589000,8/28/2015,43.1,A
USGS,1589000,8/29/2015,42,A
USGS,1589000,8/30/2015,41.6,A
USGS,1589000,8/31/2015,41.6,A
USGS,1589000,9/1/2015,40.7,A
USGS,1589000,9/2/2015,40.6,A
USGS,1589000,9/3/2015,41.8,A
USGS,1589000,9/4/2015,40.9,A
USGS,1589000,9/5/2015,39.2,A
USGS,1589000,9/6/2015,37.7,A
USGS,1589000,9/7/2015,36.3,A
USGS,1589000,9/8/2015,36.4,A
USGS,1589000,9/9/2015,36.6,A
USGS,1589000,9/10/2015,71,A
USGS,1589000,9/11/2015,50.4,A
USGS,1589000,9/12/2015,85.5,A
USGS,1589000,9/13/2015,86.5,A
USGS,1589000,9/14/2015,47.9,A
USGS,1589000,9/15/2015,42.1,A
USGS,1589000,9/16/2015,40.4,A
USGS,1589000,9/17/2015,39.3,A
USGS,1589000,9/18/2015,38.4,A
USGS,1589000,9/19/2015,38,A
USGS,1589000,9/20/2015,37.6,A
USGS,1589000,9/21/2015,36.8,A
USGS,1589000,9/22/2015,39.9,A
USGS,1589000,9/23/2015,41.4,A
USGS,1589000,9/24/2015,35.4,A
USGS,1589000,9/25/2015,34.2,A
USGS,1589000,9/26/2015,34.2,A
USGS,1589000,9/27/2015,33.8,A
USGS,1589000,9/28/2015,34.5,A
USGS,1589000,9/29/2015,88.9,A
USGS,1589000,9/30/2015,930,A
USGS,1589000,10/1/2015,137,A
USGS,1589000,10/2/2015,190,A
USGS,1589000,10/3/2015,338,A
USGS,1589000,10/4/2015,179,A
USGS,1589000,10/5/2015,138,A
USGS,1589000,10/6/2015,109,A
USGS,1589000,10/7/2015,88.1,A
USGS,1589000,10/8/2015,73.2,A
USGS,1589000,10/9/2015,72.7,A
USGS,1589000,10/10/2015,110,A
USGS,1589000,10/11/2015,76.8,A
USGS,1589000,10/12/2015,66.1,A
USGS,1589000,10/13/2015,61.1,A
USGS,1589000,10/14/2015,57.1,A
USGS,1589000,10/15/2015,54,A
USGS,1589000,10/16/2015,51.9,A
USGS,1589000,10/17/2015,52.4,A
USGS,1589000,10/18/2015,50.3,A
USGS,1589000,10/19/2015,50.4,A
USGS,1589000,10/20/2015,51.7,A
USGS,1589000,10/21/2015,52.2,A
USGS,1589000,10/22/2015,52.1,A
USGS,1589000,10/23/2015,52.1,A
USGS,1589000,10/24/2015,51.2,A
USGS,1589000,10/25/2015,52.3,A
USGS,1589000,10/26/2015,52.6,A
USGS,1589000,10/27/2015,52.5,A
USGS,1589000,10/28/2015,92.4,A
USGS,1589000,10/29/2015,874,A
USGS,1589000,10/30/2015,389,A
USGS,1589000,10/31/2015,240,A
USGS,1589000,11/1/2015,163,A
USGS,1589000,11/2/2015,116,A
USGS,1589000,11/3/2015,80.8,A
USGS,1589000,11/4/2015,69.4,A
USGS,1589000,11/5/2015,71,A
USGS,1589000,11/6/2015,68.5,A
USGS,1589000,11/7/2015,65.5,A
USGS,1589000,11/8/2015,62.5,A
USGS,1589000,11/9/2015,61.3,A
USGS,1589000,11/10/2015,154,A
USGS,1589000,11/11/2015,131,A
USGS,1589000,11/12/2015,106,A
USGS,1589000,11/13/2015,106,A
USGS,1589000,11/14/2015,94.8,A
USGS,1589000,11/15/2015,82.8,A
USGS,1589000,11/16/2015,74.4,A
USGS,1589000,11/17/2015,72.2,A
USGS,1589000,11/18/2015,69,A
USGS,1589000,11/19/2015,80.1,A
USGS,1589000,11/20/2015,108,A
USGS,1589000,11/21/2015,81.5,A
USGS,1589000,11/22/2015,75.3,A
USGS,1589000,11/23/2015,71.5,A
USGS,1589000,11/24/2015,68,A
USGS,1589000,11/25/2015,65.9,A
USGS,1589000,11/26/2015,65.3,A
USGS,1589000,11/27/2015,65.3,A
USGS,1589000,11/28/2015,65.5,A
USGS,1589000,11/29/2015,96.4,A
USGS,1589000,11/30/2015,93.4,A
USGS,1589000,12/1/2015,252,A
USGS,1589000,12/2/2015,256,A
USGS,1589000,12/3/2015,259,A
USGS,1589000,12/4/2015,199,A
USGS,1589000,12/5/2015,169,A
USGS,1589000,12/6/2015,152,A
USGS,1589000,12/7/2015,135,A
USGS,1589000,12/8/2015,119,A
USGS,1589000,12/9/2015,110,A
USGS,1589000,12/10/2015,104,A
USGS,1589000,12/11/2015,95.2,A
USGS,1589000,12/12/2015,94.6,A
USGS,1589000,12/13/2015,90.7,A
USGS,1589000,12/14/2015,83.6,A
USGS,1589000,12/15/2015,106,A
USGS,1589000,12/16/2015,94.2,A
USGS,1589000,12/17/2015,110,A
USGS,1589000,12/18/2015,156,A
USGS,1589000,12/19/2015,119,A
USGS,1589000,12/20/2015,94.5,A
USGS,1589000,12/21/2015,86.9,A
USGS,1589000,12/22/2015,95.3,A
USGS,1589000,12/23/2015,164,A
USGS,1589000,12/24/2015,406,A
USGS,1589000,12/25/2015,600,A
USGS,1589000,12/26/2015,737,A
USGS,1589000,12/27/2015,406,A
USGS,1589000,12/28/2015,316,A
USGS,1589000,12/29/2015,539,A
USGS,1589000,12/30/2015,445,A
USGS,1589000,12/31/2015,374,A
USGS,1589000,1/1/2016,298,A
USGS,1589000,1/2/2016,251,A
USGS,1589000,1/3/2016,226,A
USGS,1589000,1/4/2016,208,A
USGS,1589000,1/5/2016,172,A
USGS,1589000,1/6/2016,133,A
USGS,1589000,1/7/2016,135,A
USGS,1589000,1/8/2016,138,A
USGS,1589000,1/9/2016,148,A
USGS,1589000,1/10/2016,568,A
USGS,1589000,1/11/2016,433,A
USGS,1589000,1/12/2016,311,A
USGS,1589000,1/13/2016,262,A
USGS,1589000,1/14/2016,211,A
USGS,1589000,1/15/2016,189,A
USGS,1589000,1/16/2016,293,A
USGS,1589000,1/17/2016,258,A
USGS,1589000,1/18/2016,234,A
USGS,1589000,1/19/2016,185,A:e
USGS,1589000,1/20/2016,167,A:e
USGS,1589000,1/21/2016,156,A:e
USGS,1589000,1/22/2016,145,A:e
USGS,1589000,1/23/2016,206,A:e
USGS,1589000,1/24/2016,406,A:e
USGS,1589000,1/25/2016,279,A:e
USGS,1589000,1/26/2016,250,A:e
USGS,1589000,1/27/2016,220,A:e
USGS,1589000,1/28/2016,177,A
USGS,1589000,1/29/2016,181,A
USGS,1589000,1/30/2016,164,A
USGS,1589000,1/31/2016,163,A
USGS,1589000,2/1/2016,243,A
USGS,1589000,2/2/2016,367,A
USGS,1589000,2/3/2016,1130,A
USGS,1589000,2/4/2016,2700,A
USGS,1589000,2/5/2016,1490,A
USGS,1589000,2/6/2016,896,A
USGS,1589000,2/7/2016,674,A
USGS,1589000,2/8/2016,551,A
USGS,1589000,2/9/2016,547,A
USGS,1589000,2/10/2016,517,A
USGS,1589000,2/11/2016,435,A
USGS,1589000,2/12/2016,366,A
USGS,1589000,2/13/2016,350,A
USGS,1589000,2/14/2016,280,A
USGS,1589000,2/15/2016,281,A
USGS,1589000,2/16/2016,897,A
USGS,1589000,2/17/2016,963,A
USGS,1589000,2/18/2016,670,A
USGS,1589000,2/19/2016,509,A
USGS,1589000,2/20/2016,456,A
USGS,1589000,2/21/2016,464,A
USGS,1589000,2/22/2016,462,A
USGS,1589000,2/23/2016,523,A
USGS,1589000,2/24/2016,1010,A
USGS,1589000,2/25/2016,1940,A
USGS,1589000,2/26/2016,1020,A
USGS,1589000,2/27/2016,716,A
USGS,1589000,2/28/2016,603,A
USGS,1589000,2/29/2016,535,A
USGS,1589000,3/1/2016,486,A
USGS,1589000,3/2/2016,487,A
USGS,1589000,3/3/2016,418,A
USGS,1589000,3/4/2016,423,A
USGS,1589000,3/5/2016,395,A
USGS,1589000,3/6/2016,376,A
USGS,1589000,3/7/2016,354,A
USGS,1589000,3/8/2016,345,A
USGS,1589000,3/9/2016,336,A
USGS,1589000,3/10/2016,322,A
USGS,1589000,3/11/2016,318,A
USGS,1589000,3/12/2016,303,A
USGS,1589000,3/13/2016,319,A
USGS,1589000,3/14/2016,608,A
USGS,1589000,3/15/2016,492,A
USGS,1589000,3/16/2016,421,A
USGS,1589000,3/17/2016,377,A
USGS,1589000,3/18/2016,342,A
USGS,1589000,3/19/2016,332,A
USGS,1589000,3/20/2016,377,A
USGS,1589000,3/21/2016,344,A
USGS,1589000,3/22/2016,299,A
USGS,1589000,3/23/2016,292,A
USGS,1589000,3/24/2016,294,A
USGS,1589000,3/25/2016,293,A
USGS,1589000,3/26/2016,272,A
USGS,1589000,3/27/2016,254,A
USGS,1589000,3/28/2016,344,A
USGS,1589000,3/29/2016,322,A
USGS,1589000,3/30/2016,265,A
USGS,1589000,3/31/2016,257,A
USGS,1589000,4/1/2016,251,A
USGS,1589000,4/2/2016,280,A
USGS,1589000,4/3/2016,296,A
USGS,1589000,4/4/2016,236,A
USGS,1589000,4/5/2016,265,A
USGS,1589000,4/6/2016,220,A
USGS,1589000,4/7/2016,525,A
USGS,1589000,4/8/2016,566,A
USGS,1589000,4/9/2016,468,A
USGS,1589000,4/10/2016,387,A
USGS,1589000,4/11/2016,332,A
USGS,1589000,4/12/2016,311,A
USGS,1589000,4/13/2016,274,A
USGS,1589000,4/14/2016,260,A
USGS,1589000,4/15/2016,238,A
USGS,1589000,4/16/2016,230,A
USGS,1589000,4/17/2016,222,A
USGS,1589000,4/18/2016,213,A
USGS,1589000,4/19/2016,206,A
USGS,1589000,4/20/2016,185,A
USGS,1589000,4/21/2016,169,A
USGS,1589000,4/22/2016,169,A
USGS,1589000,4/23/2016,201,A
USGS,1589000,4/24/2016,190,A
USGS,1589000,4/25/2016,169,A
USGS,1589000,4/26/2016,163,A
USGS,1589000,4/27/2016,157,A
USGS,1589000,4/28/2016,169,A
USGS,1589000,4/29/2016,186,A
USGS,1589000,4/30/2016,181,A
USGS,1589000,5/1/2016,254,A
USGS,1589000,5/2/2016,305,A
USGS,1589000,5/3/2016,336,A
USGS,1589000,5/4/2016,340,A
USGS,1589000,5/5/2016,298,A
USGS,1589000,5/6/2016,461,A
USGS,1589000,5/7/2016,715,A
USGS,1589000,5/8/2016,497,A
USGS,1589000,5/9/2016,373,A
USGS,1589000,5/10/2016,319,A
USGS,1589000,5/11/2016,343,A
USGS,1589000,5/12/2016,322,A
USGS,1589000,5/13/2016,291,A
USGS,1589000,5/14/2016,274,A
USGS,1589000,5/15/2016,261,A
USGS,1589000,5/16/2016,214,A
USGS,1589000,5/17/2016,205,A
USGS,1589000,5/18/2016,220,A
USGS,1589000,5/19/2016,202,A
USGS,1589000,5/20/2016,184,A
USGS,1589000,5/21/2016,205,A
USGS,1589000,5/22/2016,254,A
USGS,1589000,5/23/2016,289,A
USGS,1589000,5/24/2016,254,A
USGS,1589000,5/25/2016,211,A
USGS,1589000,5/26/2016,174,A
USGS,1589000,5/27/2016,150,A
USGS,1589000,5/28/2016,135,A
USGS,1589000,5/29/2016,163,A
USGS,1589000,5/30/2016,197,A
USGS,1589000,5/31/2016,154,A
USGS,1589000,6/1/2016,137,A
USGS,1589000,6/2/2016,119,A
USGS,1589000,6/3/2016,116,A
USGS,1589000,6/4/2016,157,A
USGS,1589000,6/5/2016,154,A
USGS,1589000,6/6/2016,219,A
USGS,1589000,6/7/2016,160,A
USGS,1589000,6/8/2016,139,A
USGS,1589000,6/9/2016,115,A
USGS,1589000,6/10/2016,100,A
USGS,1589000,6/11/2016,90.9,A
USGS,1589000,6/12/2016,84.3,A
USGS,1589000,6/13/2016,83.1,A
USGS,1589000,6/14/2016,77.4,A
USGS,1589000,6/15/2016,78.6,A
USGS,1589000,6/16/2016,119,A
USGS,1589000,6/17/2016,150,A
USGS,1589000,6/18/2016,95.1,A
USGS,1589000,6/19/2016,82.9,A
USGS,1589000,6/20/2016,77.1,A
USGS,1589000,6/21/2016,177,A
USGS,1589000,6/22/2016,196,A
USGS,1589000,6/23/2016,126,A
USGS,1589000,6/24/2016,330,A
USGS,1589000,6/25/2016,185,A
USGS,1589000,6/26/2016,115,A
USGS,1589000,6/27/2016,96.1,A
USGS,1589000,6/28/2016,151,A
USGS,1589000,6/29/2016,191,A
USGS,1589000,6/30/2016,119,A
USGS,1589000,7/1/2016,95.4,A
USGS,1589000,7/2/2016,88.8,A
USGS,1589000,7/3/2016,81.4,A
USGS,1589000,7/4/2016,86.5,A
USGS,1589000,7/5/2016,198,A
USGS,1589000,7/6/2016,113,A
USGS,1589000,7/7/2016,88.6,A
USGS,1589000,7/8/2016,80.4,A
USGS,1589000,7/9/2016,80,A
USGS,1589000,7/10/2016,75.2,A
USGS,1589000,7/11/2016,70.8,A
USGS,1589000,7/12/2016,62.9,A
USGS,1589000,7/13/2016,61.2,A
USGS,1589000,7/14/2016,60.5,A
USGS,1589000,7/15/2016,57.5,A
USGS,1589000,7/16/2016,55.8,A
USGS,1589000,7/17/2016,55.7,A
USGS,1589000,7/18/2016,54.1,A
USGS,1589000,7/19/2016,55.4,A
USGS,1589000,7/20/2016,51.7,A
USGS,1589000,7/21/2016,49.8,A
USGS,1589000,7/22/2016,48.5,A
USGS,1589000,7/23/2016,47.8,A
USGS,1589000,7/24/2016,46.6,A
USGS,1589000,7/25/2016,46.5,A
USGS,1589000,7/26/2016,45.9,A
USGS,1589000,7/27/2016,45,A
USGS,1589000,7/28/2016,49.7,A
USGS,1589000,7/29/2016,173,A
USGS,1589000,7/30/2016,2380,A
USGS,1589000,7/31/2016,579,A
USGS,1589000,8/1/2016,201,A
USGS,1589000,8/2/2016,170,A
USGS,1589000,8/3/2016,292,A
USGS,1589000,8/4/2016,190,A
USGS,1589000,8/5/2016,129,A
USGS,1589000,8/6/2016,97,A
USGS,1589000,8/7/2016,76.7,A
USGS,1589000,8/8/2016,66.9,A
USGS,1589000,8/9/2016,65.3,A
USGS,1589000,8/10/2016,64.2,A
USGS,1589000,8/11/2016,57.9,A
USGS,1589000,8/12/2016,54.9,A
USGS,1589000,8/13/2016,52.7,A
USGS,1589000,8/14/2016,51.6,A
USGS,1589000,8/15/2016,95.4,A
USGS,1589000,8/16/2016,144,A
USGS,1589000,8/17/2016,117,A
USGS,1589000,8/18/2016,187,A
USGS,1589000,8/19/2016,81.4,A
USGS,1589000,8/20/2016,65.2,A
USGS,1589000,8/21/2016,65.2,A
USGS,1589000,8/22/2016,65.3,A
USGS,1589000,8/23/2016,54.1,A
USGS,1589000,8/24/2016,50.7,A
USGS,1589000,8/25/2016,47.8,A
USGS,1589000,8/26/2016,47.3,A
USGS,1589000,8/27/2016,45.4,A
USGS,1589000,8/28/2016,42.7,A
USGS,1589000,8/29/2016,41.8,A
USGS,1589000,8/30/2016,39.4,A
USGS,1589000,8/31/2016,38.8,A
USGS,1589000,9/1/2016,279,A
USGS,1589000,9/2/2016,78.5,A
USGS,1589000,9/3/2016,56,A
USGS,1589000,9/4/2016,50.1,A
USGS,1589000,9/5/2016,46.8,A
USGS,1589000,9/6/2016,45.4,A
USGS,1589000,9/7/2016,42.8,A
USGS,1589000,9/8/2016,62.9,A
USGS,1589000,9/9/2016,50.6,A
USGS,1589000,9/10/2016,44.5,A
USGS,1589000,9/11/2016,41.7,A
USGS,1589000,9/12/2016,38.5,A
USGS,1589000,9/13/2016,38.3,A
USGS,1589000,9/14/2016,38.3,A
USGS,1589000,9/15/2016,38.1,A
USGS,1589000,9/16/2016,37.1,A
USGS,1589000,9/17/2016,37.1,A
USGS,1589000,9/18/2016,37.8,A
USGS,1589000,9/19/2016,44.9,A
USGS,1589000,9/20/2016,54.1,A
USGS,1589000,9/21/2016,45.6,A
USGS,1589000,9/22/2016,42,A
USGS,1589000,9/23/2016,38.3,A
USGS,1589000,9/24/2016,37.3,A
USGS,1589000,9/25/2016,36.7,A
USGS,1589000,9/26/2016,37.2,A
USGS,1589000,9/27/2016,44.1,A
USGS,1589000,9/28/2016,47.4,A
USGS,1589000,9/29/2016,291,A
USGS,1589000,9/30/2016,164,A
USGS,1589000,10/1/2016,150,A
USGS,1589000,10/2/2016,107,A
USGS,1589000,10/3/2016,76.3,A
USGS,1589000,10/4/2016,66.6,A
USGS,1589000,10/5/2016,61.1,A
USGS,1589000,10/6/2016,57.6,A
USGS,1589000,10/7/2016,56.5,A
USGS,1589000,10/8/2016,57,A
USGS,1589000,10/9/2016,55.7,A
USGS,1589000,10/10/2016,51.9,A
USGS,1589000,10/11/2016,50.2,A
USGS,1589000,10/12/2016,51,A
USGS,1589000,10/13/2016,51.6,A
USGS,1589000,10/14/2016,51.2,A
USGS,1589000,10/15/2016,48.8,A
USGS,1589000,10/16/2016,47.2,A
USGS,1589000,10/17/2016,49.6,A
USGS,1589000,10/18/2016,47.4,A
USGS,1589000,10/19/2016,45.5,A
USGS,1589000,10/20/2016,45.4,A
USGS,1589000,10/21/2016,51.5,A
USGS,1589000,10/22/2016,57.3,A
USGS,1589000,10/23/2016,48.1,A
USGS,1589000,10/24/2016,48.4,A
USGS,1589000,10/25/2016,48.5,A
USGS,1589000,10/26/2016,47,A
USGS,1589000,10/27/2016,49.4,A
USGS,1589000,10/28/2016,54.7,A
USGS,1589000,10/29/2016,51.6,A
USGS,1589000,10/30/2016,49.5,A
USGS,1589000,10/31/2016,50.2,A
USGS,1589000,11/1/2016,48.9,A
USGS,1589000,11/2/2016,50.2,A
USGS,1589000,11/3/2016,50.8,A
USGS,1589000,11/4/2016,49.5,A
USGS,1589000,11/5/2016,47.4,A
USGS,1589000,11/6/2016,46.6,A
USGS,1589000,11/7/2016,46.8,A
USGS,1589000,11/8/2016,46.8,A
USGS,1589000,11/9/2016,51.1,A
USGS,1589000,11/10/2016,54.9,A
USGS,1589000,11/11/2016,51.4,A
USGS,1589000,11/12/2016,47.1,A
USGS,1589000,11/13/2016,46,A
USGS,1589000,11/14/2016,46.9,A
USGS,1589000,11/15/2016,48.2,A
USGS,1589000,11/16/2016,48.1,A
USGS,1589000,11/17/2016,47.1,A
USGS,1589000,11/18/2016,46.6,A
USGS,1589000,11/19/2016,46.7,A
USGS,1589000,11/20/2016,46.4,A
USGS,1589000,11/21/2016,43.1,A
USGS,1589000,11/22/2016,44.3,A
USGS,1589000,11/23/2016,45.7,A
USGS,1589000,11/24/2016,45.9,A
USGS,1589000,11/25/2016,47.9,A
USGS,1589000,11/26/2016,48.3,A
USGS,1589000,11/27/2016,48.7,A
USGS,1589000,11/28/2016,49.5,A
USGS,1589000,11/29/2016,69.1,A
USGS,1589000,11/30/2016,146,A
USGS,1589000,12/1/2016,297,A
USGS,1589000,12/2/2016,109,A
USGS,1589000,12/3/2016,81.6,A
USGS,1589000,12/4/2016,71.3,A
USGS,1589000,12/5/2016,82.2,A
USGS,1589000,12/6/2016,113,A
USGS,1589000,12/7/2016,216,A
USGS,1589000,12/8/2016,111,A
USGS,1589000,12/9/2016,89.4,A
USGS,1589000,12/10/2016,78.4,A
USGS,1589000,12/11/2016,72.9,A
USGS,1589000,12/12/2016,81.7,A
USGS,1589000,12/13/2016,78.3,A
USGS,1589000,12/14/2016,71.1,A
USGS,1589000,12/15/2016,65.7,A
USGS,1589000,12/16/2016,62.4,A:e
USGS,1589000,12/17/2016,79,A
USGS,1589000,12/18/2016,124,A
USGS,1589000,12/19/2016,122,A
USGS,1589000,12/20/2016,87.7,A
USGS,1589000,12/21/2016,79.8,A
USGS,1589000,12/22/2016,77.6,A
USGS,1589000,12/23/2016,73.2,A
USGS,1589000,12/24/2016,102,A
USGS,1589000,12/25/2016,103,A
USGS,1589000,12/26/2016,84.4,A
USGS,1589000,12/27/2016,81.7,A
USGS,1589000,12/28/2016,75.6,A
USGS,1589000,12/29/2016,81.1,A
USGS,1589000,12/30/2016,80.2,A
USGS,1589000,12/31/2016,71,A
USGS,1589000,1/1/2017,69.2,A
USGS,1589000,1/2/2017,82.1,A
USGS,1589000,1/3/2017,218,A
USGS,1589000,1/4/2017,233,A
USGS,1589000,1/5/2017,127,A
USGS,1589000,1/6/2017,105,A
USGS,1589000,1/7/2017,92.1,A
USGS,1589000,1/8/2017,83.2,A:e
USGS,1589000,1/9/2017,79.4,A:e
USGS,1589000,1/10/2017,78.9,A
USGS,1589000,1/11/2017,87.7,A
USGS,1589000,1/12/2017,104,A
USGS,1589000,1/13/2017,91.3,A
USGS,1589000,1/14/2017,83,A
USGS,1589000,1/15/2017,97.3,A
USGS,1589000,1/16/2017,86.7,A
USGS,1589000,1/17/2017,85.9,A
USGS,1589000,1/18/2017,93.8,A
USGS,1589000,1/19/2017,85.8,A
USGS,1589000,1/20/2017,81.8,A
USGS,1589000,1/21/2017,82.7,A
USGS,1589000,1/22/2017,81.6,A
USGS,1589000,1/23/2017,170,A
USGS,1589000,1/24/2017,263,A
USGS,1589000,1/25/2017,143,A
USGS,1589000,1/26/2017,115,A
USGS,1589000,1/27/2017,99.5,A
USGS,1589000,1/28/2017,93.3,A
USGS,1589000,1/29/2017,88.8,A
USGS,1589000,1/30/2017,86.1,A
USGS,1589000,1/31/2017,82.1,A
USGS,1589000,2/1/2017,80.7,A
USGS,1589000,2/2/2017,77.6,A
USGS,1589000,2/3/2017,74.1,A
USGS,1589000,2/4/2017,70.9,A
USGS,1589000,2/5/2017,71,A
USGS,1589000,2/6/2017,72.2,A
USGS,1589000,2/7/2017,71.6,A
USGS,1589000,2/8/2017,71.6,A
USGS,1589000,2/9/2017,85.9,A
USGS,1589000,2/10/2017,77.3,A
USGS,1589000,2/11/2017,71.3,A
USGS,1589000,2/12/2017,80.2,A
USGS,1589000,2/13/2017,83.9,A
USGS,1589000,2/14/2017,72.6,A
USGS,1589000,2/15/2017,72.6,A
USGS,1589000,2/16/2017,69.8,A
USGS,1589000,2/17/2017,67.3,A
USGS,1589000,2/18/2017,67.2,A
USGS,1589000,2/19/2017,67.6,A
USGS,1589000,2/20/2017,66.1,A
USGS,1589000,2/21/2017,65.2,A
USGS,1589000,2/22/2017,65.8,A
USGS,1589000,2/23/2017,66,A
USGS,1589000,2/24/2017,65.9,A
USGS,1589000,2/25/2017,66,A
USGS,1589000,2/26/2017,71.9,A
USGS,1589000,2/27/2017,66.4,A
USGS,1589000,2/28/2017,65.8,A
USGS,1589000,3/1/2017,83,A
USGS,1589000,3/2/2017,82.4,A
USGS,1589000,3/3/2017,70.4,A
USGS,1589000,3/4/2017,66.2,A
USGS,1589000,3/5/2017,65.3,A
USGS,1589000,3/6/2017,64.8,A
USGS,1589000,3/7/2017,67.8,A
USGS,1589000,3/8/2017,74.2,A
USGS,1589000,3/9/2017,67.9,A
USGS,1589000,3/10/2017,72.8,A
USGS,1589000,3/11/2017,71.7,A
USGS,1589000,3/12/2017,65.9,A
USGS,1589000,3/13/2017,63.7,A
USGS,1589000,3/14/2017,96.2,A
USGS,1589000,3/15/2017,86.6,A:e
USGS,1589000,3/16/2017,69.6,A:e
USGS,1589000,3/17/2017,83.4,A
USGS,1589000,3/18/2017,146,A
USGS,1589000,3/19/2017,282,A
USGS,1589000,3/20/2017,196,A
USGS,1589000,3/21/2017,141,A
USGS,1589000,3/22/2017,116,A
USGS,1589000,3/23/2017,98,A
USGS,1589000,3/24/2017,94.4,A
USGS,1589000,3/25/2017,93.2,A
USGS,1589000,3/26/2017,88.7,A
USGS,1589000,3/27/2017,91.9,A
USGS,1589000,3/28/2017,92.8,A
USGS,1589000,3/29/2017,100,A
USGS,1589000,3/30/2017,85.8,A
USGS,1589000,3/31/2017,353,A
USGS,1589000,4/1/2017,275,A
USGS,1589000,4/2/2017,156,A
USGS,1589000,4/3/2017,128,A
USGS,1589000,4/4/2017,133,A
USGS,1589000,4/5/2017,111,A
USGS,1589000,4/6/2017,560,A
USGS,1589000,4/7/2017,342,A
USGS,1589000,4/8/2017,190,A
USGS,1589000,4/9/2017,152,A
USGS,1589000,4/10/2017,137,A
USGS,1589000,4/11/2017,126,A
USGS,1589000,4/12/2017,117,A
USGS,1589000,4/13/2017,108,A
USGS,1589000,4/14/2017,102,A
USGS,1589000,4/15/2017,97.1,A
USGS,1589000,4/16/2017,96.1,A
USGS,1589000,4/17/2017,100,A
USGS,1589000,4/18/2017,102,A
USGS,1589000,4/19/2017,88.7,A
USGS,1589000,4/20/2017,107,A
USGS,1589000,4/21/2017,276,A
USGS,1589000,4/22/2017,150,A
USGS,1589000,4/23/2017,145,A
USGS,1589000,4/24/2017,122,A
USGS,1589000,4/25/2017,170,A
USGS,1589000,4/26/2017,203,A
USGS,1589000,4/27/2017,144,A
USGS,1589000,4/28/2017,128,A
USGS,1589000,4/29/2017,115,A
USGS,1589000,4/30/2017,108,A
USGS,1589000,5/1/2017,102,A
USGS,1589000,5/2/2017,95.6,A
USGS,1589000,5/3/2017,83.8,A
USGS,1589000,5/4/2017,78.8,A
USGS,1589000,5/5/2017,735,A
USGS,1589000,5/6/2017,303,A
USGS,1589000,5/7/2017,198,A
USGS,1589000,5/8/2017,156,A
USGS,1589000,5/9/2017,133,A
USGS,1589000,5/10/2017,120,A
USGS,1589000,5/11/2017,163,A
USGS,1589000,5/12/2017,209,A
USGS,1589000,5/13/2017,378,A
USGS,1589000,5/14/2017,320,A
USGS,1589000,5/15/2017,258,A
USGS,1589000,5/16/2017,200,A
USGS,1589000,5/17/2017,166,A
USGS,1589000,5/18/2017,134,A
USGS,1589000,5/19/2017,124,A
USGS,1589000,5/20/2017,146,A
USGS,1589000,5/21/2017,119,A
USGS,1589000,5/22/2017,142,A
USGS,1589000,5/23/2017,130,A
USGS,1589000,5/24/2017,147,A
USGS,1589000,5/25/2017,450,A
USGS,1589000,5/26/2017,527,A
USGS,1589000,5/27/2017,306,A
USGS,1589000,5/28/2017,251,A
USGS,1589000,5/29/2017,216,A
USGS,1589000,5/30/2017,182,A
USGS,1589000,5/31/2017,160,A
USGS,1589000,6/1/2017,138,A
USGS,1589000,6/2/2017,117,A
USGS,1589000,6/3/2017,101,A
USGS,1589000,6/4/2017,89.3,A
USGS,1589000,6/5/2017,86.5,A
USGS,1589000,6/6/2017,90.6,A
USGS,1589000,6/7/2017,83.3,A
USGS,1589000,6/8/2017,80.8,A
USGS,1589000,6/9/2017,77.3,A
USGS,1589000,6/10/2017,73.1,A
USGS,1589000,6/11/2017,68.9,A
USGS,1589000,6/12/2017,66.6,A
USGS,1589000,6/13/2017,64.3,A
USGS,1589000,6/14/2017,62.4,A
USGS,1589000,6/15/2017,61,A
USGS,1589000,6/16/2017,60.8,A
USGS,1589000,6/17/2017,63.9,A
USGS,1589000,6/18/2017,63.5,A
USGS,1589000,6/19/2017,121,A
USGS,1589000,6/20/2017,177,A
USGS,1589000,6/21/2017,82.4,A
USGS,1589000,6/22/2017,70.6,A
USGS,1589000,6/23/2017,68.8,A
USGS,1589000,6/24/2017,92.6,A
USGS,1589000,6/25/2017,72.9,A
USGS,1589000,6/26/2017,60.8,A
USGS,1589000,6/27/2017,57.3,A
USGS,1589000,6/28/2017,54.7,A
USGS,1589000,6/29/2017,53,A
USGS,1589000,6/30/2017,51.8,A
USGS,1589000,7/1/2017,59.4,A
USGS,1589000,7/2/2017,63.4,A
USGS,1589000,7/3/2017,51,A
USGS,1589000,7/4/2017,47.8,A
USGS,1589000,7/5/2017,47.6,A
USGS,1589000,7/6/2017,119,A
USGS,1589000,7/7/2017,130,A
USGS,1589000,7/8/2017,67.1,A
USGS,1589000,7/9/2017,56.1,A
USGS,1589000,7/10/2017,51.7,A
USGS,1589000,7/11/2017,50.4,A
USGS,1589000,7/12/2017,47.9,A
USGS,1589000,7/13/2017,46.8,A
USGS,1589000,7/14/2017,45.4,A
USGS,1589000,7/15/2017,45.3,A
USGS,1589000,7/16/2017,42.8,A
USGS,1589000,7/17/2017,41.3,A
USGS,1589000,7/18/2017,84.1,A
USGS,1589000,7/19/2017,56.4,A
USGS,1589000,7/20/2017,43.7,A
USGS,1589000,7/21/2017,39.4,A
USGS,1589000,7/22/2017,39.3,A
USGS,1589000,7/23/2017,46.1,A
USGS,1589000,7/24/2017,55.1,A
USGS,1589000,7/25/2017,57.5,A
USGS,1589000,7/26/2017,46.5,A
USGS,1589000,7/27/2017,41.2,A
USGS,1589000,7/28/2017,67.7,A
USGS,1589000,7/29/2017,324,A
USGS,1589000,7/30/2017,87.8,A
USGS,1589000,7/31/2017,59.7,A
USGS,1589000,8/1/2017,55.9,A
USGS,1589000,8/2/2017,50,A
USGS,1589000,8/3/2017,46.2,A
USGS,1589000,8/4/2017,60.1,A
USGS,1589000,8/5/2017,67.9,A
USGS,1589000,8/6/2017,56.3,A
USGS,1589000,8/7/2017,64,A
USGS,1589000,8/8/2017,63.7,A
USGS,1589000,8/9/2017,51.6,A
USGS,1589000,8/10/2017,45.7,A
USGS,1589000,8/11/2017,44.4,A
USGS,1589000,8/12/2017,111,A
USGS,1589000,8/13/2017,152,A
USGS,1589000,8/14/2017,60.7,A
USGS,1589000,8/15/2017,292,A
USGS,1589000,8/16/2017,152,A
USGS,1589000,8/17/2017,75.4,A
USGS,1589000,8/18/2017,160,A
USGS,1589000,8/19/2017,59.7,A
USGS,1589000,8/20/2017,52.9,A
USGS,1589000,8/21/2017,44.4,A
USGS,1589000,8/22/2017,40.2,A
USGS,1589000,8/23/2017,44.7,A
USGS,1589000,8/24/2017,37.9,A
USGS,1589000,8/25/2017,38.1,A
USGS,1589000,8/26/2017,34.1,A
USGS,1589000,8/27/2017,32.3,A
USGS,1589000,8/28/2017,31.7,A
USGS,1589000,8/29/2017,45.4,A
USGS,1589000,8/30/2017,53.9,A
USGS,1589000,8/31/2017,38.8,A
USGS,1589000,9/1/2017,34.2,A
USGS,1589000,9/2/2017,55.2,A
USGS,1589000,9/3/2017,59.2,A
USGS,1589000,9/4/2017,41.9,A
USGS,1589000,9/5/2017,68.8,A
USGS,1589000,9/6/2017,124,A
USGS,1589000,9/7/2017,111,A
USGS,1589000,9/8/2017,57.1,A
USGS,1589000,9/9/2017,46.6,A
USGS,1589000,9/10/2017,42.2,A
USGS,1589000,9/11/2017,40.2,A
USGS,1589000,9/12/2017,38.9,A
USGS,1589000,9/13/2017,39,A
USGS,1589000,9/14/2017,40.6,A
USGS,1589000,9/15/2017,39,A
USGS,1589000,9/16/2017,37.4,A
USGS,1589000,9/17/2017,37.1,A
USGS,1589000,9/18/2017,37.5,A
USGS,1589000,9/19/2017,37.5,A
USGS,1589000,9/20/2017,36.2,A
USGS,1589000,9/21/2017,34.1,A
USGS,1589000,9/22/2017,33.1,A
USGS,1589000,9/23/2017,32.7,A
USGS,1589000,9/24/2017,31.6,A
USGS,1589000,9/25/2017,31.1,A
USGS,1589000,9/26/2017,30.9,A
USGS,1589000,9/27/2017,30.9,A
USGS,1589000,9/28/2017,30.8,A
USGS,1589000,9/29/2017,29.1,A
USGS,1589000,9/30/2017,28,A
USGS,1589000,10/1/2017,27.8,A
USGS,1589000,10/2/2017,28.6,A
USGS,1589000,10/3/2017,28.8,A
USGS,1589000,10/4/2017,28.6,A
USGS,1589000,10/5/2017,28.8,A
USGS,1589000,10/6/2017,28.5,A
USGS,1589000,10/7/2017,28.1,A
USGS,1589000,10/8/2017,29.6,A
USGS,1589000,10/9/2017,76.4,A
USGS,1589000,10/10/2017,61.4,A
USGS,1589000,10/11/2017,36.3,A
USGS,1589000,10/12/2017,105,A
USGS,1589000,10/13/2017,54.3,A
USGS,1589000,10/14/2017,43,A
USGS,1589000,10/15/2017,40.7,A
USGS,1589000,10/16/2017,40.6,A
USGS,1589000,10/17/2017,38.6,A
USGS,1589000,10/18/2017,37.1,A
USGS,1589000,10/19/2017,36.3,A
USGS,1589000,10/20/2017,37.7,A
USGS,1589000,10/21/2017,38,A
USGS,1589000,10/22/2017,36,A
USGS,1589000,10/23/2017,35.9,A
USGS,1589000,10/24/2017,45.1,A
USGS,1589000,10/25/2017,46.6,A
USGS,1589000,10/26/2017,40,A
USGS,1589000,10/27/2017,38.2,A
USGS,1589000,10/28/2017,38.5,A
USGS,1589000,10/29/2017,66.6,A
USGS,1589000,10/30/2017,177,A
USGS,1589000,10/31/2017,77.6,A
USGS,1589000,11/1/2017,55.4,A
USGS,1589000,11/2/2017,51.7,A
USGS,1589000,11/3/2017,50.6,A
USGS,1589000,11/4/2017,50.1,A
USGS,1589000,11/5/2017,81.8,A
USGS,1589000,11/6/2017,71.3,A
USGS,1589000,11/7/2017,120,A
USGS,1589000,11/8/2017,188,A
USGS,1589000,11/9/2017,85.2,A
USGS,1589000,11/10/2017,67.9,A
USGS,1589000,11/11/2017,59.3,A
USGS,1589000,11/12/2017,56.1,A
USGS,1589000,11/13/2017,59.1,A
USGS,1589000,11/14/2017,58.3,A
USGS,1589000,11/15/2017,55.1,A
USGS,1589000,11/16/2017,53.7,A
USGS,1589000,11/17/2017,52.4,A
USGS,1589000,11/18/2017,51.6,A
USGS,1589000,11/19/2017,57.5,A
USGS,1589000,11/20/2017,54.9,A
USGS,1589000,11/21/2017,52,A
USGS,1589000,11/22/2017,51.6,A
USGS,1589000,11/23/2017,51,A
USGS,1589000,11/24/2017,50.4,A
USGS,1589000,11/25/2017,49.9,A
USGS,1589000,11/26/2017,49.9,A
USGS,1589000,11/27/2017,49.4,A
USGS,1589000,11/28/2017,48.7,A
USGS,1589000,11/29/2017,48.9,A
USGS,1589000,11/30/2017,49.2,A
USGS,1589000,12/1/2017,49.4,A
USGS,1589000,12/2/2017,49.3,A
USGS,1589000,12/3/2017,49.7,A
USGS,1589000,12/4/2017,49.1,A
USGS,1589000,12/5/2017,49.8,A
USGS,1589000,12/6/2017,56.3,A
USGS,1589000,12/7/2017,52,A
USGS,1589000,12/8/2017,49.4,A
USGS,1589000,12/9/2017,51.3,A
USGS,1589000,12/10/2017,54.1,A
USGS,1589000,12/11/2017,52.2,A
USGS,1589000,12/12/2017,52.4,A
USGS,1589000,12/13/2017,50.4,A
USGS,1589000,12/14/2017,49.5,A
USGS,1589000,12/15/2017,49.7,A:e
USGS,1589000,12/16/2017,47.8,A:e
USGS,1589000,12/17/2017,49.1,A:e
USGS,1589000,12/18/2017,50.4,A
USGS,1589000,12/19/2017,50.5,A
USGS,1589000,12/20/2017,49,A
USGS,1589000,12/21/2017,48.5,A
USGS,1589000,12/22/2017,47.8,A
USGS,1589000,12/23/2017,57.3,A
USGS,1589000,12/24/2017,69.2,A
USGS,1589000,12/25/2017,59.5,A
USGS,1589000,12/26/2017,53.3,A
USGS,1589000,12/27/2017,50.6,A
USGS,1589000,12/28/2017,41.5,A:e
USGS,1589000,12/29/2017,42.4,A:e
USGS,1589000,12/30/2017,42.8,A:e
USGS,1589000,12/31/2017,41,A:e
USGS,1589000,1/1/2018,35.4,A:e
USGS,1589000,1/2/2018,35.2,A:e
USGS,1589000,1/3/2018,33.7,A:e
USGS,1589000,1/4/2018,32.6,A:e
USGS,1589000,1/5/2018,32.5,A:e
USGS,1589000,1/6/2018,32.3,A:e
USGS,1589000,1/7/2018,31.7,A:e
USGS,1589000,1/8/2018,32,A:e
USGS,1589000,1/9/2018,34.4,A:e
USGS,1589000,1/10/2018,37.1,A:e
USGS,1589000,1/11/2018,40.6,A:e
USGS,1589000,1/12/2018,51.3,A:e
USGS,1589000,1/13/2018,449,A:e
USGS,1589000,1/14/2018,134,A
USGS,1589000,1/15/2018,77.4,A:e
USGS,1589000,1/16/2018,75.3,A:e
USGS,1589000,1/17/2018,63.9,A:e
USGS,1589000,1/18/2018,53.6,A:e
USGS,1589000,1/19/2018,53,A:e
USGS,1589000,1/20/2018,53.3,A:e
USGS,1589000,1/21/2018,52,A:e
USGS,1589000,1/22/2018,55.2,A:e
USGS,1589000,1/23/2018,80.4,A:e
USGS,1589000,1/24/2018,87.5,A
USGS,1589000,1/25/2018,67.4,A
USGS,1589000,1/26/2018,61.6,A
USGS,1589000,1/27/2018,60.4,A
USGS,1589000,1/28/2018,65.8,A
USGS,1589000,1/29/2018,68.6,A
USGS,1589000,1/30/2018,63,A
USGS,1589000,1/31/2018,58.3,A
USGS,1589000,2/1/2018,58.2,A
USGS,1589000,2/2/2018,62.7,A
USGS,1589000,2/3/2018,53.4,A:e
USGS,1589000,2/4/2018,133,A
USGS,1589000,2/5/2018,231,A
USGS,1589000,2/6/2018,106,A
USGS,1589000,2/7/2018,140,A
USGS,1589000,2/8/2018,207,A
USGS,1589000,2/9/2018,113,A
USGS,1589000,2/10/2018,117,A
USGS,1589000,2/11/2018,433,A
USGS,1589000,2/12/2018,263,A
USGS,1589000,2/13/2018,161,A
USGS,1589000,2/14/2018,134,A
USGS,1589000,2/15/2018,127,A
USGS,1589000,2/16/2018,156,A
USGS,1589000,2/17/2018,137,A
USGS,1589000,2/18/2018,147,A
USGS,1589000,2/19/2018,143,A
USGS,1589000,2/20/2018,126,A
USGS,1589000,2/21/2018,116,A
USGS,1589000,2/22/2018,154,A
USGS,1589000,2/23/2018,154,A
USGS,1589000,2/24/2018,144,A
USGS,1589000,2/25/2018,204,A
USGS,1589000,2/26/2018,174,A
USGS,1589000,2/27/2018,138,A
USGS,1589000,2/28/2018,126,A
USGS,1589000,3/1/2018,134,A
USGS,1589000,3/2/2018,261,A
USGS,1589000,3/3/2018,160,A
USGS,1589000,3/4/2018,138,A
USGS,1589000,3/5/2018,127,A
USGS,1589000,3/6/2018,121,A
USGS,1589000,3/7/2018,145,A
USGS,1589000,3/8/2018,131,A
USGS,1589000,3/9/2018,116,A
USGS,1589000,3/10/2018,109,A
USGS,1589000,3/11/2018,104,A
USGS,1589000,3/12/2018,102,A
USGS,1589000,3/13/2018,101,A
USGS,1589000,3/14/2018,96.6,A
USGS,1589000,3/15/2018,94.2,A
USGS,1589000,3/16/2018,92,A
USGS,1589000,3/17/2018,89.5,A
USGS,1589000,3/18/2018,89.4,A
USGS,1589000,3/19/2018,87.7,A
USGS,1589000,3/20/2018,106,A
USGS,1589000,3/21/2018,133,A
USGS,1589000,3/22/2018,131,A
USGS,1589000,3/23/2018,154,A
USGS,1589000,3/24/2018,159,A
USGS,1589000,3/25/2018,156,A
USGS,1589000,3/26/2018,135,A
USGS,1589000,3/27/2018,126,A
USGS,1589000,3/28/2018,125,A
USGS,1589000,3/29/2018,129,A
USGS,1589000,3/30/2018,142,A
USGS,1589000,3/31/2018,139,A
USGS,1589000,4/1/2018,116,A
USGS,1589000,4/2/2018,128,A
USGS,1589000,4/3/2018,126,A
USGS,1589000,4/4/2018,120,A
USGS,1589000,4/5/2018,110,A
USGS,1589000,4/6/2018,105,A
USGS,1589000,4/7/2018,102,A
USGS,1589000,4/8/2018,97,A
USGS,1589000,4/9/2018,94.2,A
USGS,1589000,4/10/2018,93.8,A
USGS,1589000,4/11/2018,91.4,A
USGS,1589000,4/12/2018,90.1,A
USGS,1589000,4/13/2018,89.1,A
USGS,1589000,4/14/2018,87.3,A
USGS,1589000,4/15/2018,86.1,A
USGS,1589000,4/16/2018,915,A
USGS,1589000,4/17/2018,290,A
USGS,1589000,4/18/2018,198,A
USGS,1589000,4/19/2018,165,A
USGS,1589000,4/20/2018,142,A
USGS,1589000,4/21/2018,127,A
USGS,1589000,4/22/2018,120,A
USGS,1589000,4/23/2018,115,A
USGS,1589000,4/24/2018,113,A
USGS,1589000,4/25/2018,328,A
USGS,1589000,4/26/2018,175,A
USGS,1589000,4/27/2018,206,A
USGS,1589000,4/28/2018,188,A
USGS,1589000,4/29/2018,151,A
USGS,1589000,4/30/2018,134,A
USGS,1589000,5/1/2018,124,A
USGS,1589000,5/2/2018,118,A
USGS,1589000,5/3/2018,112,A
USGS,1589000,5/4/2018,107,A
USGS,1589000,5/5/2018,103,A
USGS,1589000,5/6/2018,121,A
USGS,1589000,5/7/2018,108,A
USGS,1589000,5/8/2018,98.5,A
USGS,1589000,5/9/2018,93.2,A
USGS,1589000,5/10/2018,92.9,A
USGS,1589000,5/11/2018,97.5,A
USGS,1589000,5/12/2018,97.5,A
USGS,1589000,5/13/2018,131,A
USGS,1589000,5/14/2018,133,A
USGS,1589000,5/15/2018,231,A
USGS,1589000,5/16/2018,910,A
USGS,1589000,5/17/2018,1560,A
USGS,1589000,5/18/2018,1020,A
USGS,1589000,5/19/2018,1500,A
USGS,1589000,5/20/2018,1060,A
USGS,1589000,5/21/2018,691,A
USGS,1589000,5/22/2018,594,A
USGS,1589000,5/23/2018,548,A
USGS,1589000,5/24/2018,415,A
USGS,1589000,5/25/2018,333,A
USGS,1589000,5/26/2018,285,A
USGS,1589000,5/27/2018,1420,A
USGS,1589000,5/28/2018,1280,A
USGS,1589000,5/29/2018,546,A
USGS,1589000,5/30/2018,424,A
USGS,1589000,5/31/2018,456,A
USGS,1589000,6/1/2018,575,A
USGS,1589000,6/2/2018,711,A
USGS,1589000,6/3/2018,3630,A
USGS,1589000,6/4/2018,2070,A
USGS,1589000,6/5/2018,1040,A
USGS,1589000,6/6/2018,813,A
USGS,1589000,6/7/2018,606,A
USGS,1589000,6/8/2018,481,A
USGS,1589000,6/9/2018,430,A
USGS,1589000,6/10/2018,716,A
USGS,1589000,6/11/2018,1640,A
USGS,1589000,6/12/2018,759,A
USGS,1589000,6/13/2018,551,A
USGS,1589000,6/14/2018,453,A
USGS,1589000,6/15/2018,370,A
USGS,1589000,6/16/2018,315,A
USGS,1589000,6/17/2018,283,A
USGS,1589000,6/18/2018,273,A
USGS,1589000,6/19/2018,275,A
USGS,1589000,6/20/2018,267,A
USGS,1589000,6/21/2018,298,A
USGS,1589000,6/22/2018,258,A
USGS,1589000,6/23/2018,289,A
USGS,1589000,6/24/2018,329,A
USGS,1589000,6/25/2018,481,A
USGS,1589000,6/26/2018,327,A
USGS,1589000,6/27/2018,270,A
USGS,1589000,6/28/2018,266,A
USGS,1589000,6/29/2018,245,A
USGS,1589000,6/30/2018,215,A
USGS,1589000,7/1/2018,200,A
USGS,1589000,7/2/2018,181,A
USGS,1589000,7/3/2018,164,A
USGS,1589000,7/4/2018,166,A
USGS,1589000,7/5/2018,165,A
USGS,1589000,7/6/2018,183,A
USGS,1589000,7/7/2018,165,A
USGS,1589000,7/8/2018,135,A
USGS,1589000,7/9/2018,123,A
USGS,1589000,7/10/2018,116,A
USGS,1589000,7/11/2018,113,A
USGS,1589000,7/12/2018,104,A
USGS,1589000,7/13/2018,96,A
USGS,1589000,7/14/2018,92.1,A
USGS,1589000,7/15/2018,91.1,A
USGS,1589000,7/16/2018,102,A
USGS,1589000,7/17/2018,139,A
USGS,1589000,7/18/2018,149,A
USGS,1589000,7/19/2018,103,A
USGS,1589000,7/20/2018,91.1,A
USGS,1589000,7/21/2018,497,A
USGS,1589000,7/22/2018,2850,A
USGS,1589000,7/23/2018,3860,A
USGS,1589000,7/24/2018,3320,A
USGS,1589000,7/25/2018,3150,A
USGS,1589000,7/26/2018,4430,A
USGS,1589000,7/27/2018,1960,A
USGS,1589000,7/28/2018,1200,A
USGS,1589000,7/29/2018,762,A
USGS,1589000,7/30/2018,597,A
USGS,1589000,7/31/2018,591,A
USGS,1589000,8/1/2018,871,A
USGS,1589000,8/2/2018,951,A
USGS,1589000,8/3/2018,810,A
USGS,1589000,8/4/2018,4840,A
USGS,1589000,8/5/2018,2080,A
USGS,1589000,8/6/2018,1130,A
USGS,1589000,8/7/2018,790,A
USGS,1589000,8/8/2018,628,A
USGS,1589000,8/9/2018,678,A
USGS,1589000,8/10/2018,579,A
USGS,1589000,8/11/2018,505,A
USGS,1589000,8/12/2018,470,A
USGS,1589000,8/13/2018,646,A
USGS,1589000,8/14/2018,826,A
USGS,1589000,8/15/2018,582,A
USGS,1589000,8/16/2018,480,A
USGS,1589000,8/17/2018,414,A
USGS,1589000,8/18/2018,398,A
USGS,1589000,8/19/2018,392,A
USGS,1589000,8/20/2018,362,A
USGS,1589000,8/21/2018,396,A
USGS,1589000,8/22/2018,2230,A
USGS,1589000,8/23/2018,1060,A
USGS,1589000,8/24/2018,660,A
USGS,1589000,8/25/2018,500,A
USGS,1589000,8/26/2018,423,A
USGS,1589000,8/27/2018,387,A
USGS,1589000,8/28/2018,355,A
USGS,1589000,8/29/2018,328,A
USGS,1589000,8/30/2018,308,A
USGS,1589000,8/31/2018,320,A
USGS,1589000,9/1/2018,600,A
USGS,1589000,9/2/2018,463,A
USGS,1589000,9/3/2018,386,A
USGS,1589000,9/4/2018,335,A
USGS,1589000,9/5/2018,296,A
USGS,1589000,9/6/2018,269,A
USGS,1589000,9/7/2018,390,A
USGS,1589000,9/8/2018,1530,A
USGS,1589000,9/9/2018,3870,A
USGS,1589000,9/10/2018,2750,A
USGS,1589000,9/11/2018,1540,A
USGS,1589000,9/12/2018,1170,A
USGS,1589000,9/13/2018,1010,A
USGS,1589000,9/14/2018,806,A
USGS,1589000,9/15/2018,702,A
USGS,1589000,9/16/2018,613,A
USGS,1589000,9/17/2018,630,A
USGS,1589000,9/18/2018,940,A
USGS,1589000,9/19/2018,737,A
USGS,1589000,9/20/2018,586,A
USGS,1589000,9/21/2018,516,A
USGS,1589000,9/22/2018,502,A
USGS,1589000,9/23/2018,615,A
USGS,1589000,9/24/2018,877,A
USGS,1589000,9/25/2018,1030,A
USGS,1589000,9/26/2018,1320,A
USGS,1589000,9/27/2018,1930,A
USGS,1589000,9/28/2018,3770,A
USGS,1589000,9/29/2018,1810,A
USGS,1589000,9/30/2018,1190,A
USGS,1589000,10/1/2018,933,A
USGS,1589000,10/2/2018,806,A
USGS,1589000,10/3/2018,739,A
USGS,1589000,10/4/2018,765,A
USGS,1589000,10/5/2018,897,A
USGS,1589000,10/6/2018,692,A
USGS,1589000,10/7/2018,639,A
USGS,1589000,10/8/2018,593,A
USGS,1589000,10/9/2018,558,A
USGS,1589000,10/10/2018,536,A
USGS,1589000,10/11/2018,590,A
USGS,1589000,10/12/2018,718,A
USGS,1589000,10/13/2018,557,A
USGS,1589000,10/14/2018,507,A
USGS,1589000,10/15/2018,501,A
USGS,1589000,10/16/2018,503,A
USGS,1589000,10/17/2018,469,A
USGS,1589000,10/18/2018,431,A
USGS,1589000,10/19/2018,409,A
USGS,1589000,10/20/2018,422,A
USGS,1589000,10/21/2018,423,A
USGS,1589000,10/22/2018,372,A
USGS,1589000,10/23/2018,375,A
USGS,1589000,10/24/2018,371,A
USGS,1589000,10/25/2018,357,A
USGS,1589000,10/26/2018,365,A
USGS,1589000,10/27/2018,733,A
USGS,1589000,10/28/2018,628,A
USGS,1589000,10/29/2018,501,A
USGS,1589000,10/30/2018,433,A
USGS,1589000,10/31/2018,401,A
USGS,1589000,11/1/2018,387,A
USGS,1589000,11/2/2018,468,A
USGS,1589000,11/3/2018,1150,A
USGS,1589000,11/4/2018,654,A
USGS,1589000,11/5/2018,987,A
USGS,1589000,11/6/2018,1500,A
USGS,1589000,11/7/2018,1250,A
USGS,1589000,11/8/2018,851,A
USGS,1589000,11/9/2018,799,A
USGS,1589000,11/10/2018,1080,A
USGS,1589000,11/11/2018,747,A
USGS,1589000,11/12/2018,641,A
USGS,1589000,11/13/2018,1420,A
USGS,1589000,11/14/2018,990,A
USGS,1589000,11/15/2018,917,A
USGS,1589000,11/16/2018,1800,A
USGS,1589000,11/17/2018,1340,A
USGS,1589000,11/18/2018,1060,A
USGS,1589000,11/19/2018,898,A
USGS,1589000,11/20/2018,816,A
USGS,1589000,11/21/2018,717,A
USGS,1589000,11/22/2018,659,A
USGS,1589000,11/23/2018,595,A
USGS,1589000,11/24/2018,1520,A
USGS,1589000,11/25/2018,2970,A
USGS,1589000,11/26/2018,1530,A
USGS,1589000,11/27/2018,1180,A
USGS,1589000,11/28/2018,906,A
USGS,1589000,11/29/2018,748,A
USGS,1589000,11/30/2018,695,A
USGS,1589000,12/1/2018,687,A
USGS,1589000,12/2/2018,817,A
USGS,1589000,12/3/2018,747,A
USGS,1589000,12/4/2018,659,A
USGS,1589000,12/5/2018,604,A
USGS,1589000,12/6/2018,567,A
USGS,1589000,12/7/2018,540,A
USGS,1589000,12/8/2018,505,A
USGS,1589000,12/9/2018,493,A
USGS,1589000,12/10/2018,477,A
USGS,1589000,12/11/2018,458,A
USGS,1589000,12/12/2018,461,A
USGS,1589000,12/13/2018,460,A
USGS,1589000,12/14/2018,455,A
USGS,1589000,12/15/2018,1280,A
USGS,1589000,12/16/2018,4980,A
USGS,1589000,12/17/2018,1950,A
USGS,1589000,12/18/2018,1230,A
USGS,1589000,12/19/2018,941,A
USGS,1589000,12/20/2018,885,A
USGS,1589000,12/21/2018,1700,A
USGS,1589000,12/22/2018,1640,A
USGS,1589000,12/23/2018,1100,A
USGS,1589000,12/24/2018,939,A
USGS,1589000,12/25/2018,829,A
USGS,1589000,12/26/2018,756,A
USGS,1589000,12/27/2018,715,A
USGS,1589000,12/28/2018,1560,A
USGS,1589000,12/29/2018,1390,A
USGS,1589000,12/30/2018,986,A
USGS,1589000,12/31/2018,1040,A
USGS,1589000,1/1/2019,1450,A
USGS,1589000,1/2/2019,1050,A
USGS,1589000,1/3/2019,917,A
USGS,1589000,1/4/2019,826,A
USGS,1589000,1/5/2019,829,A
USGS,1589000,1/6/2019,766,A
USGS,1589000,1/7/2019,684,A
USGS,1589000,1/8/2019,688,A
USGS,1589000,1/9/2019,748,A
USGS,1589000,1/10/2019,674,A
USGS,1589000,1/11/2019,589,A
USGS,1589000,1/12/2019,544,A
USGS,1589000,1/13/2019,591,A
USGS,1589000,1/14/2019,585,A
USGS,1589000,1/15/2019,549,A
USGS,1589000,1/16/2019,523,A
USGS,1589000,1/17/2019,522,A
USGS,1589000,1/18/2019,540,A
USGS,1589000,1/19/2019,586,A
USGS,1589000,1/20/2019,2340,A
USGS,1589000,1/21/2019,1260,A
USGS,1589000,1/22/2019,818,A
USGS,1589000,1/23/2019,702,A
USGS,1589000,1/24/2019,1720,A
USGS,1589000,1/25/2019,1620,A
USGS,1589000,1/26/2019,1070,A
USGS,1589000,1/27/2019,864,A
USGS,1589000,1/28/2019,767,A
USGS,1589000,1/29/2019,698,A
USGS,1589000,1/30/2019,677,A
USGS,1589000,1/31/2019,567,A
USGS,1589000,2/1/2019,546,A
USGS,1589000,2/2/2019,543,A
USGS,1589000,2/3/2019,548,A
USGS,1589000,2/4/2019,568,A
USGS,1589000,2/5/2019,576,A
USGS,1589000,2/6/2019,571,A
USGS,1589000,2/7/2019,619,A
USGS,1589000,2/8/2019,584,A
USGS,1589000,2/9/2019,526,A
USGS,1589000,2/10/2019,471,A
USGS,1589000,2/11/2019,555,A
USGS,1589000,2/12/2019,983,A
USGS,1589000,2/13/2019,1250,A
USGS,1589000,2/14/2019,918,A
USGS,1589000,2/15/2019,801,A
USGS,1589000,2/16/2019,761,A
USGS,1589000,2/17/2019,645,A
USGS,1589000,2/18/2019,742,A
USGS,1589000,2/19/2019,626,A
USGS,1589000,2/20/2019,593,A
USGS,1589000,2/21/2019,749,A
USGS,1589000,2/22/2019,790,A
USGS,1589000,2/23/2019,676,A
USGS,1589000,2/24/2019,1030,A
USGS,1589000,2/25/2019,899,A
USGS,1589000,2/26/2019,706,A
USGS,1589000,2/27/2019,634,A
USGS,1589000,2/28/2019,611,A
USGS,1589000,3/1/2019,603,A
USGS,1589000,3/2/2019,887,A
USGS,1589000,3/3/2019,837,A
USGS,1589000,3/4/2019,1050,A
USGS,1589000,3/5/2019,798,A
USGS,1589000,3/6/2019,692,A
USGS,1589000,3/7/2019,611,A
USGS,1589000,3/8/2019,583,A
USGS,1589000,3/9/2019,588,A
USGS,1589000,3/10/2019,957,A
USGS,1589000,3/11/2019,829,A
USGS,1589000,3/12/2019,689,A
USGS,1589000,3/13/2019,609,A
USGS,1589000,3/14/2019,576,A
USGS,1589000,3/15/2019,577,A
USGS,1589000,3/16/2019,583,A
USGS,1589000,3/17/2019,519,A
USGS,1589000,3/18/2019,497,A
USGS,1589000,3/19/2019,478,A
USGS,1589000,3/20/2019,463,A
USGS,1589000,3/21/2019,1710,A
USGS,1589000,3/22/2019,3470,A
USGS,1589000,3/23/2019,1570,A
USGS,1589000,3/24/2019,1030,A
USGS,1589000,3/25/2019,863,A
USGS,1589000,3/26/2019,776,A
USGS,1589000,3/27/2019,665,A
USGS,1589000,3/28/2019,620,A
USGS,1589000,3/29/2019,591,A
USGS,1589000,3/30/2019,578,A
USGS,1589000,3/31/2019,579,A
USGS,1589000,4/1/2019,527,A
USGS,1589000,4/2/2019,488,A
USGS,1589000,4/3/2019,493,A
USGS,1589000,4/4/2019,469,A
USGS,1589000,4/5/2019,466,A
USGS,1589000,4/6/2019,474,A
USGS,1589000,4/7/2019,463,A
USGS,1589000,4/8/2019,455,A
USGS,1589000,4/9/2019,462,A
USGS,1589000,4/10/2019,428,A
USGS,1589000,4/11/2019,399,A
USGS,1589000,4/12/2019,403,A
USGS,1589000,4/13/2019,842,A
USGS,1589000,4/14/2019,663,A
USGS,1589000,4/15/2019,690,A
USGS,1589000,4/16/2019,525,A
USGS,1589000,4/17/2019,462,A
USGS,1589000,4/18/2019,426,A
USGS,1589000,4/19/2019,440,A
USGS,1589000,4/20/2019,578,A
USGS,1589000,4/21/2019,476,A
USGS,1589000,4/22/2019,434,A
USGS,1589000,4/23/2019,389,A
USGS,1589000,4/24/2019,369,A
USGS,1589000,4/25/2019,343,A
USGS,1589000,4/26/2019,479,A
USGS,1589000,4/27/2019,532,A
USGS,1589000,4/28/2019,432,A
USGS,1589000,4/29/2019,370,A
USGS,1589000,4/30/2019,345,A
USGS,1589000,5/1/2019,337,A
USGS,1589000,5/2/2019,331,A
USGS,1589000,5/3/2019,320,A
USGS,1589000,5/4/2019,451,A
USGS,1589000,5/5/2019,1200,A
USGS,1589000,5/6/2019,1450,A
USGS,1589000,5/7/2019,852,A
USGS,1589000,5/8/2019,631,A
USGS,1589000,5/9/2019,518,A
USGS,1589000,5/10/2019,653,A
USGS,1589000,5/11/2019,1420,A
USGS,1589000,5/12/2019,1280,A
USGS,1589000,5/13/2019,1490,A
USGS,1589000,5/14/2019,1250,A
USGS,1589000,5/15/2019,883,A
USGS,1589000,5/16/2019,712,A
USGS,1589000,5/17/2019,608,A
USGS,1589000,5/18/2019,543,A
USGS,1589000,5/19/2019,593,A
USGS,1589000,5/20/2019,473,A
USGS,1589000,5/21/2019,427,A
USGS,1589000,5/22/2019,384,A
USGS,1589000,5/23/2019,367,A
USGS,1589000,5/24/2019,380,A
USGS,1589000,5/25/2019,342,A
USGS,1589000,5/26/2019,426,A
USGS,1589000,5/27/2019,555,A
USGS,1589000,5/28/2019,485,A
USGS,1589000,5/29/2019,459,A
USGS,1589000,5/30/2019,521,A
USGS,1589000,5/31/2019,519,A
USGS,1589000,6/1/2019,400,A
USGS,1589000,6/2/2019,344,A
USGS,1589000,6/3/2019,316,A
USGS,1589000,6/4/2019,272,A
USGS,1589000,6/5/2019,259,A
USGS,1589000,6/6/2019,267,A
USGS,1589000,6/7/2019,256,A
USGS,1589000,6/8/2019,241,A
USGS,1589000,6/9/2019,230,A
USGS,1589000,6/10/2019,249,A
USGS,1589000,6/11/2019,270,A
USGS,1589000,6/12/2019,226,A
USGS,1589000,6/13/2019,380,A
USGS,1589000,6/14/2019,509,A
USGS,1589000,6/15/2019,336,A
USGS,1589000,6/16/2019,288,A
USGS,1589000,6/17/2019,276,A
USGS,1589000,6/18/2019,261,A
USGS,1589000,6/19/2019,248,A
USGS,1589000,6/20/2019,306,A
USGS,1589000,6/21/2019,260,A
USGS,1589000,6/22/2019,213,A
USGS,1589000,6/23/2019,189,A
USGS,1589000,6/24/2019,177,A
USGS,1589000,6/25/2019,235,A
USGS,1589000,6/26/2019,205,A
USGS,1589000,6/27/2019,180,A
USGS,1589000,6/28/2019,160,A
USGS,1589000,6/29/2019,146,A
USGS,1589000,6/30/2019,158,A
USGS,1589000,7/1/2019,137,A
USGS,1589000,7/2/2019,122,A
USGS,1589000,7/3/2019,157,A
USGS,1589000,7/4/2019,238,A
USGS,1589000,7/5/2019,249,A
USGS,1589000,7/6/2019,284,A
USGS,1589000,7/7/2019,386,A
USGS,1589000,7/8/2019,1860,A
USGS,1589000,7/9/2019,1160,A
USGS,1589000,7/10/2019,585,A
USGS,1589000,7/11/2019,549,A
USGS,1589000,7/12/2019,574,A
USGS,1589000,7/13/2019,379,A
USGS,1589000,7/14/2019,286,A
USGS,1589000,7/15/2019,227,A
USGS,1589000,7/16/2019,191,A
USGS,1589000,7/17/2019,227,A
USGS,1589000,7/18/2019,319,A
USGS,1589000,7/19/2019,251,A
USGS,1589000,7/20/2019,205,A
USGS,1589000,7/21/2019,168,A
USGS,1589000,7/22/2019,240,A
USGS,1589000,7/23/2019,624,A
USGS,1589000,7/24/2019,446,A
USGS,1589000,7/25/2019,310,A
USGS,1589000,7/26/2019,230,A
USGS,1589000,7/27/2019,184,A
USGS,1589000,7/28/2019,157,A
USGS,1589000,7/29/2019,138,A
USGS,1589000,7/30/2019,118,A
USGS,1589000,7/31/2019,109,A
USGS,1589000,8/1/2019,105,A
USGS,1589000,8/2/2019,97,A
USGS,1589000,8/3/2019,91.6,A
USGS,1589000,8/4/2019,186,A
USGS,1589000,8/5/2019,110,A
USGS,1589000,8/6/2019,94.5,A
USGS,1589000,8/7/2019,124,A
USGS,1589000,8/8/2019,195,A
USGS,1589000,8/9/2019,123,A
USGS,1589000,8/10/2019,101,A
USGS,1589000,8/11/2019,86.8,A
USGS,1589000,8/12/2019,79.2,A
USGS,1589000,8/13/2019,79.2,A
USGS,1589000,8/14/2019,175,A
USGS,1589000,8/15/2019,124,A
USGS,1589000,8/16/2019,104,A
USGS,1589000,8/17/2019,96.9,A
USGS,1589000,8/18/2019,85.6,A
USGS,1589000,8/19/2019,124,A
USGS,1589000,8/20/2019,89.3,A
USGS,1589000,8/21/2019,92.3,A
USGS,1589000,8/22/2019,90.4,A
USGS,1589000,8/23/2019,202,A
USGS,1589000,8/24/2019,185,A
USGS,1589000,8/25/2019,129,A
USGS,1589000,8/26/2019,98.9,A
USGS,1589000,8/27/2019,83.6,A
USGS,1589000,8/28/2019,79.9,A
USGS,1589000,8/29/2019,104,A
USGS,1589000,8/30/2019,80.7,A
USGS,1589000,8/31/2019,69.6,A
USGS,1589000,9/1/2019,66.2,A
USGS,1589000,9/2/2019,64.4,A
USGS,1589000,9/3/2019,64.2,A
USGS,1589000,9/4/2019,62.6,A
USGS,1589000,9/5/2019,60.7,A
USGS,1589000,9/6/2019,59.4,A
USGS,1589000,9/7/2019,59.8,A
USGS,1589000,9/8/2019,58.1,A
USGS,1589000,9/9/2019,56.3,A
USGS,1589000,9/10/2019,55.4,A
USGS,1589000,9/11/2019,55.3,A
USGS,1589000,9/12/2019,56.5,A
USGS,1589000,9/13/2019,59.9,A:e
USGS,1589000,9/14/2019,57.6,A:e
USGS,1589000,9/15/2019,57.1,A:e
USGS,1589000,9/16/2019,54.8,A:e
USGS,1589000,9/17/2019,52.5,A:e
USGS,1589000,9/18/2019,50.4,A:e
USGS,1589000,9/19/2019,48.6,A:e
USGS,1589000,9/20/2019,47.7,A:e
USGS,1589000,9/21/2019,47.4,A:e
USGS,1589000,9/22/2019,46.9,A:e
USGS,1589000,9/23/2019,45.8,A:e
USGS,1589000,9/24/2019,44.7,A:e
USGS,1589000,9/25/2019,43.3,A:e
USGS,1589000,9/26/2019,43.3,A:e
USGS,1589000,9/27/2019,44,A:e
USGS,1589000,9/28/2019,43.4,A:e
USGS,1589000,9/29/2019,44.2,A:e
USGS,1589000,9/30/2019,43.8,A:e
USGS,1589000,10/1/2019,47.5,A:e
USGS,1589000,10/2/2019,45.4,A:e
USGS,1589000,10/3/2019,42.9,A:e
USGS,1589000,10/4/2019,44.1,A:e
USGS,1589000,10/5/2019,41.3,A:e
USGS,1589000,10/6/2019,40.7,A:e
USGS,1589000,10/7/2019,43.5,A:e
USGS,1589000,10/8/2019,44.4,A:e
USGS,1589000,10/9/2019,43.8,A:e
USGS,1589000,10/10/2019,41.4,A:e
USGS,1589000,10/11/2019,39.4,A:e
USGS,1589000,10/12/2019,38.7,A:e
USGS,1589000,10/13/2019,38.6,A:e
USGS,1589000,10/14/2019,38,A:e
USGS,1589000,10/15/2019,36.5,A:e
USGS,1589000,10/16/2019,114,A:e
USGS,1589000,10/17/2019,115,A
USGS,1589000,10/18/2019,55.6,A
USGS,1589000,10/19/2019,50.7,A
USGS,1589000,10/20/2019,96,A
USGS,1589000,10/21/2019,78.9,A
USGS,1589000,10/22/2019,80.7,A
USGS,1589000,10/23/2019,110,A
USGS,1589000,10/24/2019,65.2,A
USGS,1589000,10/25/2019,59.3,A
USGS,1589000,10/26/2019,58.2,A
USGS,1589000,10/27/2019,329,A
USGS,1589000,10/28/2019,152,A
USGS,1589000,10/29/2019,87.9,A
USGS,1589000,10/30/2019,75.3,A
USGS,1589000,10/31/2019,316,A
USGS,1589000,11/1/2019,2430,A
USGS,1589000,11/2/2019,656,A
USGS,1589000,11/3/2019,401,A
USGS,1589000,11/4/2019,280,A
USGS,1589000,11/5/2019,213,A
USGS,1589000,11/6/2019,175,A
USGS,1589000,11/7/2019,146,A
USGS,1589000,11/8/2019,157,A
USGS,1589000,11/9/2019,118,A
USGS,1589000,11/10/2019,108,A
USGS,1589000,11/11/2019,107,A
USGS,1589000,11/12/2019,116,A
USGS,1589000,11/13/2019,105,A
USGS,1589000,11/14/2019,85.4,A
USGS,1589000,11/15/2019,86.3,A
USGS,1589000,11/16/2019,86.5,A
USGS,1589000,11/17/2019,82.9,A
USGS,1589000,11/18/2019,81.8,A
USGS,1589000,11/19/2019,79.8,A
USGS,1589000,11/20/2019,79.4,A
USGS,1589000,11/21/2019,81,A
USGS,1589000,11/22/2019,75.3,A
USGS,1589000,11/23/2019,78.6,A
USGS,1589000,11/24/2019,288,A
USGS,1589000,11/25/2019,213,A
USGS,1589000,11/26/2019,170,A
USGS,1589000,11/27/2019,146,A
USGS,1589000,11/28/2019,162,A
USGS,1589000,11/29/2019,117,A
USGS,1589000,11/30/2019,101,A
USGS,1589000,12/1/2019,146,A
USGS,1589000,12/2/2019,290,A
USGS,1589000,12/3/2019,238,A
USGS,1589000,12/4/2019,183,A
USGS,1589000,12/5/2019,174,A
USGS,1589000,12/6/2019,139,A
USGS,1589000,12/7/2019,133,A
USGS,1589000,12/8/2019,114,A
USGS,1589000,12/9/2019,178,A
USGS,1589000,12/10/2019,342,A
USGS,1589000,12/11/2019,348,A
USGS,1589000,12/12/2019,270,A
USGS,1589000,12/13/2019,243,A
USGS,1589000,12/14/2019,354,A
USGS,1589000,12/15/2019,396,A
USGS,1589000,12/16/2019,350,A
USGS,1589000,12/17/2019,743,A
USGS,1589000,12/18/2019,606,A
USGS,1589000,12/19/2019,426,A
USGS,1589000,12/20/2019,280,A
USGS,1589000,12/21/2019,240,A
USGS,1589000,12/22/2019,215,A
USGS,1589000,12/23/2019,196,A
USGS,1589000,12/24/2019,184,A
USGS,1589000,12/25/2019,168,A
USGS,1589000,12/26/2019,161,A
USGS,1589000,12/27/2019,158,A
USGS,1589000,12/28/2019,160,A
USGS,1589000,12/29/2019,179,A
USGS,1589000,12/30/2019,395,A
USGS,1589000,12/31/2019,320,A
USGS,1589000,1/1/2020,259,A
USGS,1589000,1/2/2020,222,A
USGS,1589000,1/3/2020,225,A
USGS,1589000,1/4/2020,254,A
USGS,1589000,1/5/2020,257,A
USGS,1589000,1/6/2020,208,A
USGS,1589000,1/7/2020,198,A
USGS,1589000,1/8/2020,225,A
USGS,1589000,1/9/2020,201,A
USGS,1589000,1/10/2020,186,A
USGS,1589000,1/11/2020,193,A
USGS,1589000,1/12/2020,298,A
USGS,1589000,1/13/2020,273,A
USGS,1589000,1/14/2020,237,A
USGS,1589000,1/15/2020,225,A
USGS,1589000,1/16/2020,223,A
USGS,1589000,1/17/2020,200,A
USGS,1589000,1/18/2020,165,A
USGS,1589000,1/19/2020,248,A
USGS,1589000,1/20/2020,225,A
USGS,1589000,1/21/2020,179,A
USGS,1589000,1/22/2020,164,A
USGS,1589000,1/23/2020,161,A
USGS,1589000,1/24/2020,164,A
USGS,1589000,1/25/2020,941,A
USGS,1589000,1/26/2020,697,A
USGS,1589000,1/27/2020,489,A
USGS,1589000,1/28/2020,379,A
USGS,1589000,1/29/2020,314,A
USGS,1589000,1/30/2020,269,A
USGS,1589000,1/31/2020,251,A
USGS,1589000,2/1/2020,240,A
USGS,1589000,2/2/2020,255,A
USGS,1589000,2/3/2020,235,A
USGS,1589000,2/4/2020,221,A
USGS,1589000,2/5/2020,223,A
USGS,1589000,2/6/2020,398,A
USGS,1589000,2/7/2020,741,A
USGS,1589000,2/8/2020,557,A
USGS,1589000,2/9/2020,428,A
USGS,1589000,2/10/2020,372,A
USGS,1589000,2/11/2020,493,A
USGS,1589000,2/12/2020,454,A
USGS,1589000,2/13/2020,443,A
USGS,1589000,2/14/2020,406,A
USGS,1589000,2/15/2020,332,A
USGS,1589000,2/16/2020,308,A
USGS,1589000,2/17/2020,295,A
USGS,1589000,2/18/2020,278,A
USGS,1589000,2/19/2020,273,A
USGS,1589000,2/20/2020,254,A
USGS,1589000,2/21/2020,246,A
USGS,1589000,2/22/2020,226,A
USGS,1589000,2/23/2020,226,A
USGS,1589000,2/24/2020,224,A
USGS,1589000,2/25/2020,234,A
USGS,1589000,2/26/2020,249,A
USGS,1589000,2/27/2020,381,A
USGS,1589000,2/28/2020,307,A
USGS,1589000,2/29/2020,277,A
USGS,1589000,3/1/2020,242,A
USGS,1589000,3/2/2020,234,A
USGS,1589000,3/3/2020,250,A
USGS,1589000,3/4/2020,266,A
USGS,1589000,3/5/2020,251,A
USGS,1589000,3/6/2020,240,A
USGS,1589000,3/7/2020,259,A
USGS,1589000,3/8/2020,217,A
USGS,1589000,3/9/2020,210,A
USGS,1589000,3/10/2020,205,A
USGS,1589000,3/11/2020,218,A
USGS,1589000,3/12/2020,209,A
USGS,1589000,3/13/2020,250,A
USGS,1589000,3/14/2020,239,A
USGS,1589000,3/15/2020,264,A
USGS,1589000,3/16/2020,241,A
USGS,1589000,3/17/2020,220,A
USGS,1589000,3/18/2020,216,A
USGS,1589000,3/19/2020,357,A
USGS,1589000,3/20/2020,315,A
USGS,1589000,3/21/2020,290,A
USGS,1589000,3/22/2020,245,A
USGS,1589000,3/23/2020,245,A
USGS,1589000,3/24/2020,268,A
USGS,1589000,3/25/2020,276,A
USGS,1589000,3/26/2020,287,A
USGS,1589000,3/27/2020,263,A
USGS,1589000,3/28/2020,460,A
USGS,1589000,3/29/2020,467,A
USGS,1589000,3/30/2020,394,A
USGS,1589000,3/31/2020,335,A
USGS,1589000,4/1/2020,327,A
USGS,1589000,4/2/2020,302,A
USGS,1589000,4/3/2020,269,A
USGS,1589000,4/4/2020,239,A
USGS,1589000,4/5/2020,231,A
USGS,1589000,4/6/2020,228,A
USGS,1589000,4/7/2020,212,A
USGS,1589000,4/8/2020,240,A
USGS,1589000,4/9/2020,272,A
USGS,1589000,4/10/2020,262,A
USGS,1589000,4/11/2020,206,A
USGS,1589000,4/12/2020,188,A
USGS,1589000,4/13/2020,1740,A
USGS,1589000,4/14/2020,1030,A
USGS,1589000,4/15/2020,689,A
USGS,1589000,4/16/2020,504,A
USGS,1589000,4/17/2020,399,A
USGS,1589000,4/18/2020,373,A
USGS,1589000,4/19/2020,317,A
USGS,1589000,4/20/2020,301,A
USGS,1589000,4/21/2020,293,A
USGS,1589000,4/22/2020,272,A
USGS,1589000,4/23/2020,249,A
USGS,1589000,4/24/2020,472,A
USGS,1589000,4/25/2020,403,A
USGS,1589000,4/26/2020,465,A
USGS,1589000,4/27/2020,470,A
USGS,1589000,4/28/2020,369,A
USGS,1589000,4/29/2020,331,A
USGS,1589000,4/30/2020,735,A
USGS,1589000,5/1/2020,996,A
USGS,1589000,5/2/2020,652,A
USGS,1589000,5/3/2020,513,A
USGS,1589000,5/4/2020,525,A
USGS,1589000,5/5/2020,398,A
USGS,1589000,5/6/2020,442,A
USGS,1589000,5/7/2020,483,A
USGS,1589000,5/8/2020,415,A
USGS,1589000,5/9/2020,533,A
USGS,1589000,5/10/2020,413,A
USGS,1589000,5/11/2020,377,A
USGS,1589000,5/12/2020,335,A
USGS,1589000,5/13/2020,309,A
USGS,1589000,5/14/2020,291,A
USGS,1589000,5/15/2020,289,A
USGS,1589000,5/16/2020,273,A
USGS,1589000,5/17/2020,253,A
USGS,1589000,5/18/2020,251,A
USGS,1589000,5/19/2020,233,A
USGS,1589000,5/20/2020,211,A
USGS,1589000,5/21/2020,204,A
USGS,1589000,5/22/2020,252,A
USGS,1589000,5/23/2020,314,A
USGS,1589000,5/24/2020,268,A
USGS,1589000,5/25/2020,249,A
USGS,1589000,5/26/2020,227,A
USGS,1589000,5/27/2020,208,A
USGS,1589000,5/28/2020,220,A
USGS,1589000,5/29/2020,227,A
USGS,1589000,5/30/2020,214,A
USGS,1589000,5/31/2020,192,A
USGS,1589000,6/1/2020,162,A
USGS,1589000,6/2/2020,152,A
USGS,1589000,6/3/2020,153,A
USGS,1589000,6/4/2020,144,A
USGS,1589000,6/5/2020,317,A
USGS,1589000,6/6/2020,565,A
USGS,1589000,6/7/2020,332,A
USGS,1589000,6/8/2020,248,A
USGS,1589000,6/9/2020,204,A
USGS,1589000,6/10/2020,172,A
USGS,1589000,6/11/2020,428,A
USGS,1589000,6/12/2020,330,A
USGS,1589000,6/13/2020,246,A
USGS,1589000,6/14/2020,192,A
USGS,1589000,6/15/2020,163,A
USGS,1589000,6/16/2020,144,A
USGS,1589000,6/17/2020,131,A
USGS,1589000,6/18/2020,160,A
USGS,1589000,6/19/2020,148,A
USGS,1589000,6/20/2020,403,A
USGS,1589000,6/21/2020,306,A
USGS,1589000,6/22/2020,386,A
USGS,1589000,6/23/2020,367,A
USGS,1589000,6/24/2020,380,A
USGS,1589000,6/25/2020,274,A
USGS,1589000,6/26/2020,234,A
USGS,1589000,6/27/2020,191,A
USGS,1589000,6/28/2020,168,A
USGS,1589000,6/29/2020,155,A
USGS,1589000,6/30/2020,130,A
USGS,1589000,7/1/2020,140,A
USGS,1589000,7/2/2020,117,A
USGS,1589000,7/3/2020,100,A
USGS,1589000,7/4/2020,86.2,A
USGS,1589000,7/5/2020,77.7,A
USGS,1589000,7/6/2020,77.7,A
USGS,1589000,7/7/2020,84,A
USGS,1589000,7/8/2020,83.2,A
USGS,1589000,7/9/2020,76.3,A
USGS,1589000,7/10/2020,68.4,A
USGS,1589000,7/11/2020,68,A
USGS,1589000,7/12/2020,62.7,A
USGS,1589000,7/13/2020,66.8,A
USGS,1589000,7/14/2020,62.4,A
USGS,1589000,7/15/2020,57.8,A
USGS,1589000,7/16/2020,54.8,A
USGS,1589000,7/17/2020,53.4,A
USGS,1589000,7/18/2020,52.3,A
USGS,1589000,7/19/2020,50.3,A
USGS,1589000,7/20/2020,48.9,A
USGS,1589000,7/21/2020,47.6,A
USGS,1589000,7/22/2020,48.2,A
USGS,1589000,7/23/2020,57.7,A
USGS,1589000,7/24/2020,57.1,A
USGS,1589000,7/25/2020,66.6,A
USGS,1589000,7/26/2020,52.9,A
USGS,1589000,7/27/2020,48.8,A
USGS,1589000,7/28/2020,46.1,A
USGS,1589000,7/29/2020,43.9,A
USGS,1589000,7/30/2020,48.3,A
USGS,1589000,7/31/2020,55.7,A
USGS,1589000,8/1/2020,54,A
USGS,1589000,8/2/2020,47.9,A
USGS,1589000,8/3/2020,53.5,A
USGS,1589000,8/4/2020,376,A
USGS,1589000,8/5/2020,117,A
USGS,1589000,8/6/2020,73.4,A
USGS,1589000,8/7/2020,82,A
USGS,1589000,8/8/2020,65.4,A
USGS,1589000,8/9/2020,59,A
USGS,1589000,8/10/2020,61.3,A
USGS,1589000,8/11/2020,57.1,A
USGS,1589000,8/12/2020,191,A
USGS,1589000,8/13/2020,158,A
USGS,1589000,8/14/2020,84.5,A
USGS,1589000,8/15/2020,76.5,A
USGS,1589000,8/16/2020,152,A
USGS,1589000,8/17/2020,88,A
USGS,1589000,8/18/2020,86.1,A
USGS,1589000,8/19/2020,69.1,A
USGS,1589000,8/20/2020,62.1,A
USGS,1589000,8/21/2020,55.9,A
USGS,1589000,8/22/2020,55.1,A
USGS,1589000,8/23/2020,54.7,A
USGS,1589000,8/24/2020,56.7,A
USGS,1589000,8/25/2020,53.3,A
USGS,1589000,8/26/2020,50.1,A
USGS,1589000,8/27/2020,47.2,A
USGS,1589000,8/28/2020,47.8,A
USGS,1589000,8/29/2020,113,A
USGS,1589000,8/30/2020,110,A
USGS,1589000,8/31/2020,64.7,A
USGS,1589000,9/1/2020,67.1,A
USGS,1589000,9/2/2020,68.5,A
USGS,1589000,9/3/2020,133,A
USGS,1589000,9/4/2020,202,A
USGS,1589000,9/5/2020,85.8,A
USGS,1589000,9/6/2020,66.7,A
USGS,1589000,9/7/2020,60.6,A
USGS,1589000,9/8/2020,57.3,A
USGS,1589000,9/9/2020,55.1,A
USGS,1589000,9/10/2020,61.4,A
USGS,1589000,9/11/2020,82.2,A
USGS,1589000,9/12/2020,62.7,A
USGS,1589000,9/13/2020,57.6,A
USGS,1589000,9/14/2020,56.4,A
USGS,1589000,9/15/2020,53.1,A
USGS,1589000,9/16/2020,51.8,A
USGS,1589000,9/17/2020,52.7,A
USGS,1589000,9/18/2020,53.7,A
USGS,1589000,9/19/2020,50.2,A
USGS,1589000,9/20/2020,47.4,A
USGS,1589000,9/21/2020,46.8,A
USGS,1589000,9/22/2020,46,A
USGS,1589000,9/23/2020,45.8,A
USGS,1589000,9/24/2020,45.6,A
USGS,1589000,9/25/2020,47,A
USGS,1589000,9/26/2020,59,A
USGS,1589000,9/27/2020,58.8,A
USGS,1589000,9/28/2020,55.2,A
USGS,1589000,9/29/2020,59.1,A
USGS,1589000,9/30/2020,73.3,A
USGS,1589000,10/1/2020,56.4,A
USGS,1589000,10/2/2020,56.9,A
USGS,1589000,10/3/2020,53.4,A
USGS,1589000,10/4/2020,49.2,A
USGS,1589000,10/5/2020,49.3,A
USGS,1589000,10/6/2020,51.1,A
USGS,1589000,10/7/2020,48.2,A
USGS,1589000,10/8/2020,45.4,A
USGS,1589000,10/9/2020,43.2,A
USGS,1589000,10/10/2020,44.3,A
USGS,1589000,10/11/2020,47.8,A
USGS,1589000,10/12/2020,153,A
USGS,1589000,10/13/2020,99,A
USGS,1589000,10/14/2020,63.6,A
USGS,1589000,10/15/2020,56.1,A
USGS,1589000,10/16/2020,55,A
USGS,1589000,10/17/2020,54.9,A
USGS,1589000,10/18/2020,51.2,A
USGS,1589000,10/19/2020,51.8,A
USGS,1589000,10/20/2020,53.1,A
USGS,1589000,10/21/2020,52.9,A
USGS,1589000,10/22/2020,53.6,A
USGS,1589000,10/23/2020,53.7,A
USGS,1589000,10/24/2020,54.2,A
USGS,1589000,10/25/2020,56.5,A
USGS,1589000,10/26/2020,58.6,A
USGS,1589000,10/27/2020,56.6,A
USGS,1589000,10/28/2020,56.2,A
USGS,1589000,10/29/2020,283,A
USGS,1589000,10/30/2020,209,A
USGS,1589000,10/31/2020,97.5,A
USGS,1589000,11/1/2020,88.4,A
USGS,1589000,11/2/2020,86.5,A
USGS,1589000,11/3/2020,74.1,A
USGS,1589000,11/4/2020,70,A
USGS,1589000,11/5/2020,67.7,A
USGS,1589000,11/6/2020,71.8,A
USGS,1589000,11/7/2020,67.1,A
USGS,1589000,11/8/2020,65.6,A
USGS,1589000,11/9/2020,65.5,A
USGS,1589000,11/10/2020,65.5,A
USGS,1589000,11/11/2020,132,A
USGS,1589000,11/12/2020,501,A
USGS,1589000,11/13/2020,207,A
USGS,1589000,11/14/2020,136,A
USGS,1589000,11/15/2020,113,A
USGS,1589000,11/16/2020,117,A
USGS,1589000,11/17/2020,102,A
USGS,1589000,11/18/2020,91.2,A
USGS,1589000,11/19/2020,86.9,A
USGS,1589000,11/20/2020,85.2,A
USGS,1589000,11/21/2020,83.2,A
USGS,1589000,11/22/2020,82.6,A
USGS,1589000,11/23/2020,90,A
USGS,1589000,11/24/2020,83,A
USGS,1589000,11/25/2020,78.1,A
USGS,1589000,11/26/2020,89.7,A
USGS,1589000,11/27/2020,84.6,A
USGS,1589000,11/28/2020,79.5,A
USGS,1589000,11/29/2020,76,A
USGS,1589000,11/30/2020,414,A
USGS,1589000,12/1/2020,228,A
USGS,1589000,12/2/2020,129,A
USGS,1589000,12/3/2020,106,A
USGS,1589000,12/4/2020,109,A
USGS,1589000,12/5/2020,367,A
USGS,1589000,12/6/2020,188,A
USGS,1589000,12/7/2020,138,A
USGS,1589000,12/8/2020,120,A
USGS,1589000,12/9/2020,108,A
USGS,1589000,12/10/2020,101,A
USGS,1589000,12/11/2020,96.5,A
USGS,1589000,12/12/2020,94.1,A
USGS,1589000,12/13/2020,92.3,A
USGS,1589000,12/14/2020,285,A
USGS,1589000,12/15/2020,256,A
USGS,1589000,12/16/2020,218,A
USGS,1589000,12/17/2020,427,A
USGS,1589000,12/18/2020,214,A
USGS,1589000,12/19/2020,169,A
USGS,1589000,12/20/2020,153,A
USGS,1589000,12/21/2020,159,A
USGS,1589000,12/22/2020,188,A
USGS,1589000,12/23/2020,203,A
USGS,1589000,12/24/2020,324,A
USGS,1589000,12/25/2020,1340,A
USGS,1589000,12/26/2020,370,A
USGS,1589000,12/27/2020,329,A
USGS,1589000,12/28/2020,298,A
USGS,1589000,12/29/2020,282,A
USGS,1589000,12/30/2020,237,A
USGS,1589000,12/31/2020,224,A
USGS,1589000,1/1/2021,316,A
USGS,1589000,1/2/2021,1050,A
USGS,1589000,1/3/2021,612,A
USGS,1589000,1/4/2021,514,A
USGS,1589000,1/5/2021,397,A
USGS,1589000,1/6/2021,335,A
USGS,1589000,1/7/2021,289,A
USGS,1589000,1/8/2021,250,A
USGS,1589000,1/9/2021,241,A
USGS,1589000,1/10/2021,206,A
USGS,1589000,1/11/2021,185,A
USGS,1589000,1/12/2021,176,A
USGS,1589000,1/13/2021,166,A
USGS,1589000,1/14/2021,156,A
USGS,1589000,1/15/2021,146,A
USGS,1589000,1/16/2021,162,A
USGS,1589000,1/17/2021,141,A
USGS,1589000,1/18/2021,131,A
USGS,1589000,1/19/2021,126,A
USGS,1589000,1/20/2021,128,A
USGS,1589000,1/21/2021,123,A
USGS,1589000,1/22/2021,119,A
USGS,1589000,1/23/2021,125,A
USGS,1589000,1/24/2021,114,A
USGS,1589000,1/25/2021,112,A
USGS,1589000,1/26/2021,118,A
USGS,1589000,1/27/2021,120,A
USGS,1589000,1/28/2021,124,A
USGS,1589000,1/29/2021,119,A
USGS,1589000,1/30/2021,107,A:e
USGS,1589000,1/31/2021,109,A
USGS,1589000,2/1/2021,125,A
USGS,1589000,2/2/2021,131,A
USGS,1589000,2/3/2021,124,A
USGS,1589000,2/4/2021,114,A
USGS,1589000,2/5/2021,130,A
USGS,1589000,2/6/2021,148,A
USGS,1589000,2/7/2021,174,A
USGS,1589000,2/8/2021,166,A
USGS,1589000,2/9/2021,135,A
USGS,1589000,2/10/2021,135,A
USGS,1589000,2/11/2021,153,A
USGS,1589000,2/12/2021,138,A
USGS,1589000,2/13/2021,134,A
USGS,1589000,2/14/2021,132,A
USGS,1589000,2/15/2021,143,A
USGS,1589000,2/16/2021,490,A
USGS,1589000,2/17/2021,376,A
USGS,1589000,2/18/2021,328,A
USGS,1589000,2/19/2021,321,A
USGS,1589000,2/20/2021,277,A
USGS,1589000,2/21/2021,226,A
USGS,1589000,2/22/2021,237,A
USGS,1589000,2/23/2021,286,A
USGS,1589000,2/24/2021,338,A
USGS,1589000,2/25/2021,419,A
USGS,1589000,2/26/2021,383,A
USGS,1589000,2/27/2021,502,A
USGS,1589000,2/28/2021,836,A
USGS,1589000,3/1/2021,1130,A
USGS,1589000,3/2/2021,778,A
USGS,1589000,3/3/2021,575,A
USGS,1589000,3/4/2021,486,A
USGS,1589000,3/5/2021,407,A
USGS,1589000,3/6/2021,349,A
USGS,1589000,3/7/2021,309,A
USGS,1589000,3/8/2021,280,A
USGS,1589000,3/9/2021,263,A
USGS,1589000,3/10/2021,256,A
USGS,1589000,3/11/2021,246,A
USGS,1589000,3/12/2021,238,A
USGS,1589000,3/13/2021,228,A
USGS,1589000,3/14/2021,223,A
USGS,1589000,3/15/2021,206,A
USGS,1589000,3/16/2021,183,A
USGS,1589000,3/17/2021,190,A
USGS,1589000,3/18/2021,273,A
USGS,1589000,3/19/2021,346,A
USGS,1589000,3/20/2021,256,A
USGS,1589000,3/21/2021,230,A
USGS,1589000,3/22/2021,210,A
USGS,1589000,3/23/2021,197,A
USGS,1589000,3/24/2021,579,A
USGS,1589000,3/25/2021,523,A
USGS,1589000,3/26/2021,392,A
USGS,1589000,3/27/2021,316,A
USGS,1589000,3/28/2021,331,A
USGS,1589000,3/29/2021,355,A
USGS,1589000,3/30/2021,272,A
USGS,1589000,3/31/2021,319,A
USGS,1589000,4/1/2021,550,A
USGS,1589000,4/2/2021,444,A
USGS,1589000,4/3/2021,347,A
USGS,1589000,4/4/2021,312,A
USGS,1589000,4/5/2021,284,A
USGS,1589000,4/6/2021,265,A
USGS,1589000,4/7/2021,248,A
USGS,1589000,4/8/2021,232,A
USGS,1589000,4/9/2021,241,A
USGS,1589000,4/10/2021,247,A
USGS,1589000,4/11/2021,338,A
USGS,1589000,4/12/2021,397,A
USGS,1589000,4/13/2021,339,A
USGS,1589000,4/14/2021,296,A
USGS,1589000,4/15/2021,303,A
USGS,1589000,4/16/2021,262,A
USGS,1589000,4/17/2021,236,A
USGS,1589000,4/18/2021,219,A
USGS,1589000,4/19/2021,206,A
USGS,1589000,4/20/2021,194,A
USGS,1589000,4/21/2021,193,A
USGS,1589000,4/22/2021,181,A
USGS,1589000,4/23/2021,155,A
USGS,1589000,4/24/2021,150,A
USGS,1589000,4/25/2021,210,A
USGS,1589000,4/26/2021,187,A
USGS,1589000,4/27/2021,157,A
USGS,1589000,4/28/2021,149,A
USGS,1589000,4/29/2021,145,A
USGS,1589000,4/30/2021,215,A
USGS,1589000,5/1/2021,172,A
USGS,1589000,5/2/2021,133,A
USGS,1589000,5/3/2021,127,A
USGS,1589000,5/4/2021,471,A
USGS,1589000,5/5/2021,465,A
USGS,1589000,5/6/2021,352,A
USGS,1589000,5/7/2021,279,A
USGS,1589000,5/8/2021,352,A
USGS,1589000,5/9/2021,315,A
USGS,1589000,5/10/2021,269,A
USGS,1589000,5/11/2021,219,A
USGS,1589000,5/12/2021,190,A
USGS,1589000,5/13/2021,166,A
USGS,1589000,5/14/2021,143,A
USGS,1589000,5/15/2021,135,A
USGS,1589000,5/16/2021,129,A
USGS,1589000,5/17/2021,151,A
USGS,1589000,5/18/2021,129,A
USGS,1589000,5/19/2021,118,A
USGS,1589000,5/20/2021,108,A
USGS,1589000,5/21/2021,96.2,A
USGS,1589000,5/22/2021,91.5,A
USGS,1589000,5/23/2021,89.6,A
USGS,1589000,5/24/2021,94.4,A
USGS,1589000,5/25/2021,100,A
USGS,1589000,5/26/2021,101,A
USGS,1589000,5/27/2021,189,A
USGS,1589000,5/28/2021,152,A
USGS,1589000,5/29/2021,497,A
USGS,1589000,5/30/2021,347,A
USGS,1589000,5/31/2021,249,A
USGS,1589000,6/1/2021,190,A
USGS,1589000,6/2/2021,156,A
USGS,1589000,6/3/2021,229,A
USGS,1589000,6/4/2021,525,A
USGS,1589000,6/5/2021,283,A
USGS,1589000,6/6/2021,202,A
USGS,1589000,6/7/2021,150,A
USGS,1589000,6/8/2021,121,A
USGS,1589000,6/9/2021,118,A
USGS,1589000,6/10/2021,110,A
USGS,1589000,6/11/2021,555,A
USGS,1589000,6/12/2021,806,A
USGS,1589000,6/13/2021,463,A
USGS,1589000,6/14/2021,337,A
USGS,1589000,6/15/2021,316,A
USGS,1589000,6/16/2021,212,A
USGS,1589000,6/17/2021,158,A
USGS,1589000,6/18/2021,127,A
USGS,1589000,6/19/2021,110,A
USGS,1589000,6/20/2021,106,A
USGS,1589000,6/21/2021,105,P
USGS,1589000,6/22/2021,175,P
USGS,1589000,6/23/2021,170,P
USGS,1589000,6/24/2021,125,P
USGS,1589000,6/25/2021,102,P
USGS,1589000,6/26/2021,90.6,P
USGS,1589000,6/27/2021,84.8,P
USGS,1589000,6/28/2021,79.4,P
USGS,1589000,6/29/2021,73.9,P
USGS,1589000,6/30/2021,70.8,P
USGS,1589000,7/1/2021,122,P
USGS,1589000,7/2/2021,203,P
USGS,1589000,7/3/2021,134,P
USGS,1589000,7/4/2021,129,P
USGS,1589000,7/5/2021,101,P
USGS,1589000,7/6/2021,84.7,P
USGS,1589000,7/7/2021,74.6,P
USGS,1589000,7/8/2021,74.1,P
USGS,1589000,7/9/2021,75.8,P
USGS,1589000,7/10/2021,73.5,P
USGS,1589000,7/11/2021,68.3,P
USGS,1589000,7/12/2021,66.6,P
USGS,1589000,7/13/2021,67.9,P
USGS,1589000,7/14/2021,62.4,P
USGS,1589000,7/15/2021,60.5,P
USGS,1589000,7/16/2021,58.9,P
USGS,1589000,7/17/2021,125,P
USGS,1589000,7/18/2021,232,P
USGS,1589000,7/19/2021,99.9,P
USGS,1589000,7/20/2021,77.6,P
USGS,1589000,7/21/2021,72,P
USGS,1589000,7/22/2021,80.3,P
USGS,1589000,7/23/2021,64.6,P
USGS,1589000,7/24/2021,61.2,P
USGS,1589000,7/25/2021,59.6,P
USGS,1589000,7/26/2021,58.7,P
USGS,1589000,7/27/2021,59.4,P
USGS,1589000,7/28/2021,56,P
USGS,1589000,7/29/2021,83.9,P
USGS,1589000,7/30/2021,103,P
USGS,1589000,7/31/2021,61.8,P
USGS,1589000,8/1/2021,61.9,P
USGS,1589000,8/2/2021,85,P
USGS,1589000,8/3/2021,62.1,P
USGS,1589000,8/4/2021,57.8,P
USGS,1589000,8/5/2021,55.3,P
USGS,1589000,8/6/2021,53.1,P
USGS,1589000,8/7/2021,51.9,P
USGS,1589000,8/8/2021,51.8,P
USGS,1589000,8/9/2021,50.9,P
